GEOID,GEO,NAME,DATE,POSITIVE,POS_NEW,NEGATIVE,NEG_NEW,DEATHS,DTH_NEW,TEST_NEW,HOSP_YES,HOSP_NO,HOSP_UNK,POS_FEM,POS_MALE,POS_OTH,POS_0_9,POS_10_19,POS_20_29,POS_30_39,POS_40_49,POS_50_59,POS_60_69,POS_70_79,POS_80_89,POS_90,DTHS_FEM,DTHS_MALE,DTHS_OTH,DTHS_0_9,DTHS_10_19,DTHS_20_29,DTHS_30_39,DTHS_40_49,DTHS_50_59,DTHS_60_69,DTHS_70_79,DTHS_80_89,DTHS_90,POS_AIAN,POS_ASN,POS_BLK,POS_WHT,POS_MLTOTH,POS_UNK,POS_E_HSP,POS_E_NHSP,POS_E_UNK,DTH_AIAN,DTH_ASN,DTH_BLK,DTH_WHT,DTH_MLTOTH,DTH_UNK,DTH_E_HSP,DTH_E_NHSP,DTH_E_UNK,POS_HC_Y,POS_HC_N,POS_HC_UNK,IP_Y_0_9,IP_Y_10_19,IP_Y_20_29,IP_Y_30_39,IP_Y_40_49,IP_Y_50_59,IP_Y_60_69,IP_Y_70_79,IP_Y_80_89,IP_Y_90,IP_N_0_9,IP_N_10_19,IP_N_20_29,IP_N_30_39,IP_N_40_49,IP_N_50_59,IP_N_60_69,IP_N_70_79,IP_N_80_89,IP_N_90,IP_U_0_9,IP_U_10_19,IP_U_20_29,IP_U_30_39,IP_U_40_49,IP_U_50_59,IP_U_60_69,IP_U_70_79,IP_U_80_89,IP_U_90,IC_YES,IC_Y_0_9,IC_Y_10_19,IC_Y_20_29,IC_Y_30_39,IC_Y_40_49,IC_Y_50_59,IC_Y_60_69,IC_Y_70_79,IC_Y_80_89,IC_Y_90,OBJECTID
55,State,WI,2020/08/25 19:00:00+00,71492,638,1128971,9349,1094,13,9987,5610,41823,24059,36649,34717,126,2448,7049,17852,11910,10146,9979,6407,3286,1725,690,505,589,0,0,0,8,12,33,76,175,284,305,201,702,1982,9509,45988,6547,6764,15554,46547,9391,13,30,219,793,23,16,127,946,21,5841,43085,22566,54,93,378,467,618,877,1124,1052,708,239,1582,4257,10678,7161,6162,6063,3590,1450,631,249,812,2699,6796,4282,3366,3039,1693,784,386,202,996,6,5,34,46,109,176,263,213,106,38,129145
55,State,WI,2020/08/13 19:00:00+00,63206,943,1035195,11472,1018,7,12415,5170,36837,21199,32605,30488,113,2168,6226,15852,10559,9003,8695,5647,2874,1544,638,473,545,0,0,0,8,10,32,71,167,267,272,191,621,1830,8858,39874,5975,6048,14448,40755,8003,11,30,212,729,20,16,119,875,24,5237,37729,20240,48,87,350,426,588,803,1038,960,644,226,1391,3740,9521,6362,5466,5254,3086,1245,546,226,729,2399,5981,3771,2949,2638,1523,669,354,186,942,4,4,30,45,105,164,250,200,103,37,133005
55,State,WI,2020/08/14 19:00:00+00,64227,1021,1044613,9418,1025,7,10439,5235,37474,21518,33129,30984,114,2188,6314,16095,10756,9143,8856,5727,2931,1572,645,477,548,0,0,0,8,10,32,71,167,269,276,192,631,1849,8941,40638,6034,6134,14573,41502,8152,11,30,212,736,19,17,121,884,20,5313,38375,20539,48,88,354,433,593,811,1050,979,650,229,1408,3808,9667,6478,5554,5359,3145,1267,564,224,732,2418,6074,3845,2996,2686,1532,685,358,192,951,4,4,32,45,106,166,252,202,103,37,133549
55,State,WI,2020/08/12 19:00:00+00,62263,478,1023723,9446,1011,5,9924,5125,36289,20849,32128,30025,110,2140,6133,15646,10405,8873,8529,5555,2821,1526,635,468,543,0,0,0,8,10,32,71,167,263,269,191,617,1817,8780,39200,5898,5951,14330,40131,7802,11,30,212,723,19,16,118,871,22,5157,37174,19932,48,85,346,423,583,796,1026,952,640,226,1376,3696,9407,6265,5391,5154,3030,1211,535,224,716,2352,5893,3717,2899,2579,1499,658,351,185,941,4,4,30,45,106,164,250,198,103,37,134401
55,State,WI,2020/08/11 19:00:00+00,61785,724,1014277,12875,1006,8,13599,5092,35862,20831,31873,29802,110,2127,6085,15519,10334,8819,8462,5502,2800,1509,628,466,540,0,0,0,8,10,32,71,166,261,268,190,609,1810,8759,38828,5857,5922,14264,39756,7765,11,30,212,717,19,17,118,863,25,5105,36727,19953,48,85,344,421,580,792,1018,944,635,225,1356,3646,9302,6197,5341,5084,2989,1197,529,221,723,2354,5873,3716,2898,2586,1495,659,345,182,939,4,4,30,45,106,164,250,197,102,37,135524
55,State,WI,2020/07/21 19:00:00+00,44135,1117,750562,13371,859,13,14488,4194,25052,14889,22749,21299,87,1515,3979,11311,7560,6377,5944,3812,1954,1167,516,399,460,0,0,0,9,9,29,64,145,218,214,171,426,1456,7019,26478,4516,4240,11419,27517,5199,10,23,196,603,13,14,100,746,13,3740,25335,15060,39,71,280,358,488,675,840,737,518,188,926,2321,6702,4446,3818,3519,1991,778,374,177,550,1587,4329,2756,2071,1750,981,439,275,151,838,4,4,27,41,95,146,228,170,91,32,138009
55,State,WI,2020/07/22 19:00:00+00,44847,712,764630,14068,865,6,14780,4225,25661,14961,23122,21638,87,1545,4064,11465,7683,6483,6056,3870,1983,1178,520,400,465,0,0,0,8,9,29,64,146,222,215,172,438,1468,7066,27004,4559,4312,11539,28011,5297,10,23,197,606,15,14,102,750,13,3806,25972,15069,40,72,280,361,492,681,845,745,522,187,949,2388,6847,4565,3914,3610,2034,794,378,182,556,1604,4338,2757,2077,1765,991,444,278,151,848,4,4,27,41,96,148,230,174,92,32,139076
55,State,WI,2020/08/23 19:00:00+00,70462,453,1115149,4361,1081,0,4814,5558,41118,23786,36138,34199,125,2404,6942,17611,11760,10020,9807,6295,3233,1703,687,502,579,0,0,0,8,12,33,76,172,282,299,199,693,1964,9451,45185,6482,6687,15402,45788,9272,13,30,219,782,21,16,125,936,20,5756,42338,22368,51,91,371,462,618,869,1114,1043,701,238,1550,4185,10529,7050,6073,5953,3504,1415,614,245,803,2666,6711,4248,3329,2985,1677,775,388,204,990,5,5,33,45,109,176,262,211,106,38,140465
55,State,WI,2020/08/24 19:00:00+00,70854,392,1119622,4473,1081,0,4865,5573,41344,23937,36350,34377,127,2416,6987,17705,11818,10070,9874,6342,3242,1712,688,502,579,0,0,0,8,12,33,76,172,282,299,199,695,1970,9472,45493,6516,6708,15457,46057,9340,13,30,219,782,21,16,125,936,20,5784,42586,22484,53,92,374,463,617,871,1117,1044,704,238,1556,4209,10582,7084,6101,5991,3536,1420,620,245,807,2686,6749,4271,3352,3012,1689,778,388,205,991,5,5,34,45,109,176,262,211,106,38,142599
55,State,WI,2020/08/20 19:00:00+00,68233,740,1093294,9131,1067,7,9871,5469,39840,22924,35084,33026,123,2333,6734,17010,11388,9705,9480,6115,3127,1664,677,495,572,0,0,0,8,12,33,75,169,279,293,198,679,1932,9228,43550,6312,6532,15108,44289,8836,13,30,217,770,20,17,123,922,22,5599,40973,21661,50,90,369,459,610,853,1093,1023,687,235,1508,4054,10212,6854,5904,5733,3390,1351,596,238,775,2590,6429,4075,3191,2894,1632,753,381,204,978,5,5,33,45,108,173,257,209,105,38,143306
55,State,WI,2020/08/18 19:00:00+00,66830,634,1075397,9357,1052,13,9991,5380,39011,22439,34424,32287,119,2290,6600,16682,11163,9521,9256,5974,3055,1624,665,488,564,0,0,0,8,12,32,73,168,277,284,198,656,1893,9134,42539,6220,6388,14917,43313,8600,11,30,214,760,20,17,122,908,22,5499,40056,21275,48,90,367,454,605,833,1073,1006,669,235,1479,3968,10025,6714,5794,5599,3294,1320,584,234,763,2542,6290,3995,3122,2824,1607,729,371,196,964,4,5,33,45,107,170,254,205,103,38,145417
55,State,WI,2020/08/16 19:00:00+00,65741,685,1060533,5414,1039,1,6099,5304,38267,22170,33862,31766,113,2230,6489,16454,10991,9359,9076,5875,3006,1603,658,483,556,0,0,0,8,10,32,72,168,274,279,196,644,1877,9035,41766,6126,6293,14756,42533,8452,11,30,212,750,19,17,121,897,21,5409,39254,21078,48,89,359,442,599,820,1062,989,663,233,1433,3892,9855,6616,5676,5481,3215,1296,575,228,749,2508,6240,3933,3084,2775,1598,721,365,197,957,4,5,32,45,107,168,252,203,103,38,146772
55,State,WI,2020/08/17 19:00:00+00,66196,455,1066040,5507,1039,0,5962,5327,38507,22362,34113,31969,114,2264,6536,16545,11062,9431,9145,5916,3027,1612,658,483,556,0,0,0,8,10,32,72,168,274,279,196,648,1888,9081,42070,6168,6341,14810,42844,8542,11,30,212,750,19,17,121,897,21,5442,39505,21249,48,89,360,448,603,823,1065,994,663,234,1450,3914,9918,6651,5716,5512,3235,1302,581,228,766,2533,6267,3963,3112,2810,1616,731,368,196,961,4,5,33,45,107,169,253,204,103,38,147452
55,State,WI,2020/07/11 19:00:00+00,35679,926,646504,11093,821,7,12019,3797,20661,11221,18278,17320,81,1206,2904,8869,6255,5289,4853,3136,1661,1023,483,385,436,0,0,0,9,8,25,60,140,211,203,165,333,1271,5984,20737,3839,3515,10058,21557,4064,10,23,192,573,11,12,96,713,12,3200,20437,12042,32,57,234,324,449,626,769,670,463,173,753,1767,5437,3783,3215,2916,1641,645,331,173,421,1080,3198,2148,1625,1311,726,346,229,137,797,3,3,27,38,92,140,217,163,83,31,150487
55,State,WI,2020/07/13 19:00:00+00,36942,494,659479,6127,820,0,6621,3850,21120,11972,18941,17915,86,1253,3061,9261,6456,5440,5005,3219,1712,1047,488,384,436,0,0,0,8,8,25,60,140,211,203,165,342,1299,6145,21542,3947,3667,10263,22357,4322,10,23,192,572,11,12,96,712,12,3260,20936,12746,32,59,244,331,451,630,776,681,470,176,777,1826,5554,3842,3284,2988,1676,661,339,173,444,1176,3463,2283,1705,1387,767,370,238,139,800,3,3,27,38,92,140,218,164,84,31,155874
55,State,WI,2020/07/14 19:00:00+00,37906,964,673195,13716,826,6,14680,3892,21660,12354,19433,18387,86,1297,3177,9571,6590,5550,5127,3289,1752,1065,488,386,440,0,0,0,8,9,25,61,143,211,204,165,355,1330,6244,22240,4005,3732,10403,23082,4421,10,23,195,576,10,12,96,718,12,3321,21586,12999,33,59,249,336,454,637,783,684,482,175,801,1900,5726,3918,3351,3051,1715,681,343,174,463,1218,3596,2336,1745,1439,791,387,240,139,804,3,3,27,38,92,140,221,165,85,30,156165
55,State,WI,2020/07/15 19:00:00+00,38727,821,686299,13104,827,1,13925,3923,22132,12672,19893,18747,87,1328,3276,9799,6730,5669,5224,3372,1769,1070,490,386,441,0,0,0,8,9,25,61,143,211,204,166,361,1347,6363,22795,4062,3799,10551,23675,4501,10,23,195,577,10,12,96,719,12,3384,22146,13197,34,66,255,339,457,636,790,689,482,175,817,1962,5844,3996,3418,3120,1762,693,346,174,477,1248,3700,2395,1794,1468,820,387,242,141,810,3,3,27,39,92,141,222,167,86,30,156225
55,State,WI,2020/07/16 19:00:00+00,39627,900,699670,13371,831,4,14271,3968,22647,13012,20350,19191,86,1363,3380,10038,6875,5795,5354,3441,1796,1089,496,387,444,0,0,0,8,9,26,61,143,212,206,166,380,1356,6486,23468,4128,3809,10721,24333,4573,10,23,195,580,10,13,96,723,12,3450,22726,13451,35,68,260,343,461,643,797,699,484,178,831,2020,5997,4089,3480,3206,1797,705,347,175,497,1292,3781,2443,1854,1505,847,392,258,143,811,3,4,27,39,93,141,222,167,85,30,156400
55,State,WI,2020/07/17 19:00:00+00,40507,880,712197,12527,833,2,13407,4031,23149,13327,20824,19597,86,1397,3483,10284,7018,5898,5469,3524,1825,1107,502,387,446,0,0,0,8,9,26,61,143,212,208,166,381,1374,6620,24027,4211,3894,10891,24992,4624,10,23,196,581,10,13,96,728,9,3512,23308,13687,35,68,264,344,470,656,816,708,491,179,848,2079,6142,4157,3547,3278,1847,716,357,178,514,1336,3878,2517,1881,1535,861,401,259,145,816,3,4,27,39,94,142,223,167,86,31,156575
55,State,WI,2020/07/18 19:00:00+00,41485,978,723643,11446,843,10,12424,4082,23718,13685,21363,20033,89,1431,3615,10573,7150,6029,5599,3597,1866,1120,505,393,450,0,0,0,8,9,28,62,144,214,208,170,397,1385,6721,24709,4273,4000,11014,25682,4789,10,23,196,589,11,14,97,736,10,3585,23938,13962,36,68,269,347,474,662,828,716,500,182,872,2161,6319,4239,3631,3346,1871,742,360,177,523,1386,3985,2564,1924,1591,898,408,260,146,823,3,4,27,40,94,143,227,166,88,31,156751
55,State,WI,2020/07/19 19:00:00+00,42315,830,730902,7259,844,1,8089,4107,24056,14152,21824,20401,90,1451,3716,10817,7282,6150,5710,3660,1888,1134,507,393,451,0,0,0,8,9,28,62,144,215,208,170,402,1404,6824,25227,4341,4117,11141,26194,4980,10,23,196,590,11,14,97,737,10,3624,24297,14394,36,69,273,352,475,664,831,719,505,183,883,2197,6405,4299,3689,3391,1898,754,363,177,532,1450,4139,2631,1986,1655,931,415,266,147,826,3,4,27,40,94,144,227,168,88,31,156928
55,State,WI,2020/07/12 19:00:00+00,36448,769,653352,6848,820,-1,7617,3824,20937,11687,18687,17679,82,1237,3005,9100,6377,5383,4950,3187,1690,1033,486,384,436,0,0,0,8,8,25,60,140,211,203,165,338,1285,6076,21236,3901,3612,10172,22053,4223,10,23,192,572,11,12,96,712,12,3232,20728,12488,32,58,240,329,451,628,772,674,467,173,768,1804,5508,3816,3251,2964,1663,655,335,173,437,1143,3352,2232,1681,1358,752,361,231,140,800,3,3,27,38,92,140,218,164,84,31,158300
55,State,WI,2020/07/20 19:00:00+00,43018,703,737191,6289,846,2,6992,4129,24344,14545,22196,20731,91,1483,3818,11025,7392,6228,5792,3706,1914,1150,510,393,453,0,0,0,8,9,29,62,144,216,208,170,411,1429,6925,25636,4421,4196,11253,26659,5106,10,23,196,592,11,14,98,738,10,3661,24602,14755,37,69,275,355,479,666,833,724,508,183,896,2233,6500,4342,3716,3427,1923,761,369,177,550,1516,4250,2695,2033,1699,950,429,273,150,829,3,4,27,40,94,145,228,169,88,31,166317
55,State,WI,2020/09/22 19:00:00+00,104170,1672,1348492,10865,1251,7,12537,6765,59520,37885,53051,50940,179,3290,13326,26979,15885,13723,14008,9072,4735,2312,840,568,682,1,0,0,9,16,38,84,205,321,359,219,1129,2530,10613,71579,8825,9494,18455,71360,14355,16,36,230,925,24,20,144,1080,27,7637,61283,35250,65,131,468,553,712,1027,1347,1294,885,283,2142,7012,15283,9580,8368,8517,5222,2232,880,284,1083,6183,11228,5752,4643,4464,2503,1209,547,273,991,5,6,38,47,102,168,249,219,117,40,169956
55,State,WI,2020/07/25 19:00:00+00,47870,953,808528,13248,891,13,14201,4368,27390,16112,24681,23091,98,1653,4450,12246,8185,6889,6449,4138,2104,1220,536,412,479,0,0,0,8,10,31,67,151,226,226,172,477,1538,7434,28982,4783,4656,12061,30011,5798,10,25,201,624,15,16,107,768,16,4045,27753,16072,41,75,291,377,499,697,877,779,541,191,1011,2630,7307,4828,4158,3842,2185,843,395,191,601,1745,4648,2980,2232,1910,1076,482,284,154,868,4,4,28,43,97,150,237,179,94,32,171136
55,State,WI,2020/07/27 19:00:00+00,49417,590,823905,6356,893,1,6946,4420,28022,16975,25501,23816,100,1702,4645,12586,8416,7109,6677,4282,2182,1264,554,414,479,0,0,0,8,10,31,67,151,228,226,172,492,1571,7632,29974,4905,4843,12276,31036,6105,10,26,201,625,15,16,107,770,16,4133,28398,16886,41,76,296,381,506,701,887,788,550,194,1037,2697,7460,4933,4247,3938,2237,874,407,192,624,1872,4830,3102,2356,2038,1158,520,307,168,872,4,4,28,43,98,150,238,180,95,32,171325
55,State,WI,2020/08/09 19:00:00+00,60554,621,993742,6797,998,2,7418,5000,35038,20516,31259,29186,109,2097,5951,15227,10149,8663,8278,5364,2736,1474,615,462,536,0,0,0,9,10,32,70,168,259,262,188,599,1785,8661,37923,5785,5801,14138,38832,7584,10,30,212,710,19,17,119,852,27,5003,35870,19681,47,83,343,418,569,779,996,922,621,222,1331,3557,9115,6066,5236,4935,2908,1158,517,215,719,2311,5769,3665,2858,2564,1460,656,336,178,938,4,4,30,45,105,164,250,198,101,37,174023
55,State,WI,2020/08/10 19:00:00+00,61061,507,1001402,7660,998,0,8167,5031,35306,20724,31520,29431,110,2111,6015,15348,10226,8735,8354,5405,2761,1484,622,463,535,0,0,0,8,10,32,70,168,259,263,188,600,1797,8697,38282,5819,5866,14189,39176,7696,10,30,212,710,19,17,118,853,27,5033,36166,19862,47,83,344,420,573,782,1004,930,624,224,1341,3586,9172,6109,5280,4982,2923,1173,523,217,723,2346,5832,3697,2882,2590,1478,658,337,181,938,4,4,30,45,105,164,250,198,101,37,175247
55,State,WI,2020/07/23 19:00:00+00,45899,1052,778842,14212,878,13,15264,4273,26221,15405,23665,22131,103,1576,4197,11730,7866,6638,6170,3971,2029,1195,527,408,470,0,0,0,8,10,30,65,147,222,222,174,456,1487,7222,27629,4638,4467,11706,28712,5481,10,24,198,615,15,16,104,760,14,3878,26575,15446,40,72,283,369,494,685,854,760,529,187,966,2462,6979,4660,4002,3690,2089,808,381,184,570,1663,4468,2837,2142,1795,1028,461,285,156,857,4,4,27,43,96,148,232,177,94,32,177027
55,State,WI,2020/07/24 19:00:00+00,46917,1018,795280,16438,878,0,17456,4327,26806,15784,24218,22601,98,1608,4328,12001,8038,6763,6312,4057,2070,1208,532,406,472,0,0,0,8,10,30,67,146,222,223,172,467,1510,7333,28312,4709,4586,11885,29382,5650,10,24,199,614,15,16,104,760,14,3957,27069,15891,40,75,287,371,498,693,868,767,539,189,988,2541,7154,4737,4073,3766,2142,828,389,188,580,1712,4560,2930,2192,1853,1047,475,280,155,861,4,4,28,43,97,149,233,177,94,32,177435
55,State,WI,2020/07/31 19:00:00+00,52940,832,882149,14547,934,15,15379,4637,30346,17957,27327,25512,101,1848,5056,13389,8968,7605,7181,4620,2372,1329,572,433,501,0,0,0,8,11,31,69,155,239,244,177,524,1625,8004,32526,5222,5039,12981,33554,6405,10,26,208,659,15,16,111,805,18,4431,30963,17546,41,78,306,391,536,728,939,839,576,203,1156,2984,8021,5311,4561,4255,2449,965,439,205,651,1994,5062,3266,2508,2198,1232,568,314,164,900,4,4,29,45,102,154,242,188,98,34,178366
55,State,WI,2020/07/30 19:00:00+00,52108,1059,867602,16211,919,8,17270,4590,29761,17757,26893,25114,101,1818,4951,13184,8837,7483,7069,4545,2334,1318,569,429,490,0,0,0,8,10,31,69,152,236,237,176,520,1612,7900,31927,5147,5002,12828,32940,6340,10,26,207,645,15,16,109,793,17,4357,30342,17409,41,79,302,386,529,722,929,829,571,202,1130,2901,7880,5215,4478,4186,2398,952,426,195,647,1971,5002,3236,2476,2161,1218,553,321,172,893,4,4,29,43,101,153,241,186,98,34,179491
55,State,WI,2020/07/29 19:00:00+00,51049,870,851391,13824,911,5,14694,4539,29128,17382,26368,24579,102,1781,4833,12952,8670,7332,6906,4441,2275,1296,563,422,489,0,0,0,8,9,31,69,151,234,234,175,504,1602,7816,31178,5016,4933,12572,32237,6240,10,26,205,638,15,17,108,785,18,4265,29662,17122,41,78,301,384,520,716,919,815,566,199,1095,2827,7720,5123,4400,4096,2338,915,420,194,645,1928,4931,3163,2412,2094,1184,545,310,170,886,4,4,29,43,100,153,239,183,98,33,181544
55,State,WI,2020/09/16 19:00:00+00,92712,1408,1295313,10788,1228,8,12196,6454,53959,32299,47337,45218,157,2970,11129,23790,14452,12476,12643,8145,4229,2094,784,559,669,0,0,0,9,15,36,84,204,314,350,216,983,2335,10226,62594,8126,8448,17508,62689,12515,15,33,230,907,24,19,143,1063,22,7252,57046,28414,61,118,441,525,684,1002,1292,1228,838,265,1965,6036,13903,8820,7688,7769,4724,1974,802,278,944,4975,9446,5107,4104,3872,2129,1027,454,241,1098,7,5,38,50,114,190,290,235,126,43,183040
55,State,WI,2020/09/08 19:00:00+00,82477,717,1230159,3366,1168,0,4083,6118,48244,28115,42144,40177,156,2739,8752,20707,13394,11495,11472,7430,3821,1925,742,534,634,0,0,0,8,15,33,82,191,300,328,211,838,2162,9963,54479,7436,7599,16715,54682,11080,13,31,226,852,26,20,134,1007,27,6642,50318,25517,59,102,411,503,663,953,1232,1159,780,256,1781,5055,12290,8120,7022,6998,4246,1742,726,264,899,3595,8006,4771,3810,3521,1952,920,419,222,1052,7,5,35,49,110,182,280,226,119,39,185279
55,State,WI,2020/07/26 19:00:00+00,48827,957,817549,9021,892,1,9978,4394,27766,16667,25203,23524,100,1690,4568,12449,8337,7022,6588,4225,2153,1245,550,413,479,0,0,0,8,10,31,67,151,227,226,172,485,1553,7558,29603,4856,4772,12195,30641,5991,10,26,201,624,15,16,107,769,16,4092,28083,16652,41,76,292,380,502,697,881,784,547,194,1027,2666,7389,4885,4211,3910,2218,863,405,192,622,1826,4768,3072,2309,1981,1126,506,293,164,870,4,4,28,43,98,150,237,180,94,32,185829
55,State,WI,2020/09/26 19:00:00+00,113645,2817,1393412,9767,1281,7,12584,7041,64903,41701,57905,55553,187,3635,14653,29092,17217,14991,15480,10032,5172,2495,878,578,702,1,0,0,9,17,38,86,212,329,367,223,1257,2696,10925,79320,9246,10201,19309,78550,15786,16,36,232,951,26,20,150,1106,25,7921,64366,41358,67,134,478,573,730,1070,1402,1364,931,292,2381,7726,16400,10375,9137,9371,5791,2458,957,307,1187,6793,12214,6269,5124,5039,2839,1350,607,279,1153,7,6,41,52,115,195,300,253,136,48,186934
55,State,WI,2020/09/07 19:00:00+00,81760,567,1226793,4899,1168,0,5466,6089,47919,27752,41777,39829,154,2728,8543,20521,13318,11442,11398,7370,3787,1913,740,534,634,0,0,0,8,15,33,82,191,300,328,211,833,2154,9942,53951,7326,7554,16651,54145,10964,13,31,226,852,26,20,134,1007,27,6599,49855,25306,59,102,409,500,663,947,1223,1154,776,256,1775,4994,12199,8072,6987,6963,4213,1728,724,264,894,3447,7913,4746,3792,3488,1934,905,413,220,1052,7,5,35,49,110,182,280,226,119,39,189618
55,State,WI,2020/09/11 19:00:00+00,86250,1369,1254034,8586,1197,4,9955,6263,50341,29646,44076,42012,162,2840,9739,21820,13780,11810,11891,7672,3968,1974,756,546,651,0,0,0,9,15,35,83,197,306,338,214,894,2227,10066,57338,7842,7883,17019,57665,11566,14,32,228,877,25,21,140,1032,25,6863,52888,26499,59,111,422,513,672,979,1255,1190,804,258,1863,5406,12862,8392,7243,7289,4438,1829,748,271,918,4222,8536,4875,3895,3623,1979,949,422,227,1074,7,5,35,50,113,189,283,231,122,39,191098
55,State,WI,2020/07/28 19:00:00+00,50179,762,837567,13662,906,13,14424,4493,28609,17077,25887,24191,101,1737,4734,12743,8535,7218,6788,4349,2232,1282,561,419,487,0,0,0,8,10,31,68,151,233,230,175,499,1592,7716,30577,4968,4827,12439,31631,6109,10,26,204,633,15,18,107,780,19,4202,29059,16918,41,78,297,383,515,709,903,808,561,198,1066,2766,7600,5037,4332,4022,2283,894,417,192,630,1890,4846,3115,2371,2057,1163,530,304,171,880,4,4,28,43,98,152,239,183,96,33,193765
55,State,WI,2020/09/25 19:00:00+00,110828,2504,1383645,12575,1274,9,15079,6962,63269,40597,56424,54219,185,3547,14250,28476,16813,14597,15043,9755,5044,2443,860,575,698,1,0,0,9,17,38,85,210,329,366,220,1222,2636,10832,77029,9116,9993,19048,76445,15335,16,36,232,946,25,19,148,1102,24,7835,63617,39376,67,134,475,568,724,1060,1382,1345,920,287,2317,7496,16077,10144,8896,9094,5626,2388,932,299,1163,6620,11924,6101,4977,4889,2747,1311,591,274,1150,7,6,41,51,115,195,300,251,136,48,195053
55,State,WI,2020/08/02 19:00:00+00,54924,922,904666,8721,948,1,9643,4717,31370,18837,28343,26467,114,1913,5279,13881,9283,7878,7464,4821,2453,1368,584,436,512,0,0,0,8,10,31,70,158,245,246,180,550,1665,8166,33911,5399,5233,13296,34874,6754,10,27,209,670,15,17,112,816,20,4570,31999,18355,42,81,312,396,540,741,959,851,587,208,1199,3097,8273,5487,4696,4405,2544,1006,456,207,672,2101,5296,3400,2642,2318,1318,596,325,169,910,4,5,30,45,104,156,242,190,98,36,196408
55,State,WI,2020/08/03 19:00:00+00,55328,404,911435,6769,949,1,7173,4732,31586,19010,28557,26657,114,1931,5335,13970,9343,7928,7525,4861,2475,1374,586,437,512,0,0,0,8,10,31,70,158,245,247,180,554,1681,8222,34144,5432,5295,13343,35130,6855,10,27,209,671,15,17,112,817,20,4597,32255,18476,42,80,314,396,541,744,963,853,590,209,1207,3122,8333,5514,4728,4436,2563,1016,459,208,682,2133,5323,3433,2659,2345,1335,606,325,169,910,4,5,30,45,103,156,243,190,98,36,197088
55,State,WI,2020/08/01 19:00:00+00,54002,1062,895945,13796,947,13,14858,4681,30963,18358,27875,26020,107,1879,5168,13637,9153,7744,7343,4735,2414,1351,578,435,512,0,0,0,8,10,31,70,158,245,245,180,537,1651,8082,33289,5323,5120,13175,34263,6564,10,27,209,670,14,17,112,815,20,4517,31612,17873,41,80,309,391,539,734,953,846,580,208,1178,3051,8174,5417,4639,4348,2508,990,454,204,660,2037,5154,3345,2566,2261,1274,578,317,166,904,4,4,29,45,103,155,243,188,98,35,199008
55,State,WI,2020/08/05 19:00:00+00,56940,884,944984,16139,970,9,17023,4826,32813,19301,29389,27438,113,1979,5525,14330,9624,8158,7745,5019,2561,1402,597,448,522,0,0,0,8,10,32,70,164,250,252,184,571,1714,8333,35332,5535,5455,13616,36287,7037,10,29,210,688,17,16,117,832,21,4727,33610,18603,44,80,318,404,552,757,972,877,605,217,1251,3267,8609,5745,4900,4606,2691,1057,476,211,684,2178,5403,3475,2706,2382,1356,627,321,169,919,4,4,30,45,104,158,245,194,99,36,201555
55,State,WI,2020/08/04 19:00:00+00,56056,728,928845,17410,961,12,18138,4783,32189,19084,28922,27023,111,1958,5420,14136,9467,8016,7627,4936,2517,1389,590,446,515,0,0,0,8,10,32,70,160,248,250,183,564,1700,8278,34684,5485,5345,13470,35672,6914,10,28,209,682,16,16,115,825,21,4649,32954,18453,44,79,318,403,547,750,967,862,599,214,1230,3189,8471,5623,4802,4526,2623,1045,472,208,684,2152,5347,3441,2667,2351,1346,610,318,168,916,4,4,30,45,104,158,244,193,99,35,202136
55,State,WI,2020/08/06 19:00:00+00,57779,839,961851,16867,978,8,17706,4881,33440,19458,29842,27824,113,2007,5617,14535,9749,8300,7844,5091,2610,1426,600,454,524,0,0,0,8,10,32,70,166,252,253,187,584,1731,8403,35970,5584,5507,13763,36910,7106,10,30,210,696,17,15,118,838,22,4807,34231,18741,45,82,327,408,555,764,985,891,606,218,1275,3341,8748,5847,5014,4688,2747,1081,487,212,687,2194,5460,3494,2731,2392,1359,638,333,170,927,4,4,30,45,104,161,248,196,99,36,203785
55,State,WI,2020/08/08 19:00:00+00,59933,1165,986945,11997,996,6,13162,4980,34711,20242,30956,28868,109,2079,5876,15078,10049,8585,8178,5308,2703,1466,611,461,535,0,0,0,8,10,32,70,168,259,261,188,593,1774,8604,37534,5741,5687,14075,38430,7428,10,30,212,708,19,17,118,851,27,4957,35518,19458,47,84,341,415,568,777,994,915,618,221,1322,3503,9036,6020,5191,4885,2886,1141,512,215,710,2289,5701,3614,2826,2516,1428,647,336,175,937,4,4,30,45,105,163,250,198,101,37,205437
55,State,WI,2020/08/07 19:00:00+00,58768,989,974948,13097,990,12,14086,4930,33992,19846,30347,28310,111,2044,5713,14769,9893,8445,8000,5195,2657,1444,608,458,532,0,0,0,8,10,32,70,167,258,257,188,587,1747,8505,36704,5665,5560,13917,37603,7248,10,30,211,704,18,17,118,846,26,4883,34788,19097,47,84,333,411,560,768,993,905,609,220,1305,3407,8847,5924,5096,4777,2817,1106,499,214,692,2222,5589,3558,2789,2455,1385,646,336,174,931,4,4,30,45,104,162,248,197,100,37,206811
55,State,WI,2020/08/15 19:00:00+00,65056,829,1055119,10506,1038,13,11335,5275,37954,21827,33525,31418,113,2214,6412,16290,10876,9252,8981,5812,2976,1588,655,482,556,0,0,0,8,10,32,72,167,274,279,196,636,1855,8987,41261,6102,6215,14681,42066,8309,11,30,212,749,19,17,121,896,21,5366,38945,20745,48,89,356,439,598,814,1056,988,656,231,1420,3864,9786,6557,5627,5430,3187,1283,572,228,746,2459,6148,3880,3027,2737,1569,705,360,196,954,4,5,32,45,106,166,252,203,103,38,207484
55,State,WI,2020/08/19 19:00:00+00,67493,663,1084163,8766,1060,8,9429,5430,39453,22610,34740,32633,120,2300,6663,16838,11261,9606,9379,6042,3086,1648,670,492,568,0,0,0,8,12,32,75,168,278,289,198,663,1914,9167,43055,6253,6441,14989,43798,8706,12,30,216,765,20,17,123,915,22,5551,40536,21406,49,90,368,457,607,847,1086,1013,678,235,1484,4021,10132,6788,5851,5678,3339,1334,592,234,767,2552,6338,4016,3148,2854,1617,739,378,201,975,4,5,33,45,108,173,256,208,105,38,208868
55,State,WI,2020/08/22 19:00:00+00,70009,950,1110788,7750,1081,13,8700,5545,40883,23581,35928,33957,124,2390,6895,17487,11675,9958,9744,6263,3216,1697,684,502,579,0,0,0,8,12,33,76,172,282,299,199,690,1960,9399,44865,6451,6644,15353,45486,9170,13,30,219,782,21,16,125,936,20,5728,42095,22186,51,90,371,462,617,867,1112,1038,700,237,1540,4164,10468,7010,6033,5922,3484,1406,611,245,799,2641,6648,4203,3308,2955,1667,772,386,202,986,5,5,33,45,108,175,260,211,106,38,211993
55,State,WI,2020/08/21 19:00:00+00,69059,826,1103038,9744,1068,1,10570,5505,40377,23177,35491,33444,124,2355,6819,17222,11509,9819,9625,6179,3173,1678,680,496,572,0,0,0,8,12,33,75,169,280,293,198,680,1944,9274,44207,6392,6562,15220,44875,8964,13,30,217,771,20,17,123,923,22,5650,41558,21851,50,90,368,461,612,863,1104,1030,691,236,1519,4118,10353,6930,5968,5831,3432,1381,602,243,786,2611,6501,4118,3239,2931,1643,762,385,201,982,5,5,33,45,108,175,258,210,105,38,212846
55,State,WI,2020/09/01 19:00:00+00,76584,981,1183717,10863,1130,8,11844,5878,44957,25749,39165,37277,142,2591,7623,19174,12682,10809,10692,6932,3538,1827,716,517,613,0,0,0,8,12,33,80,184,291,317,205,775,2073,9754,49969,6931,7082,16184,50236,10164,13,31,224,819,27,16,132,975,23,6218,46484,23882,59,96,394,480,642,921,1180,1107,750,249,1671,4595,11459,7680,6592,6495,3939,1582,687,257,861,2932,7321,4522,3575,3276,1813,849,390,210,1026,6,5,34,47,110,180,275,219,112,38,215505
55,State,WI,2020/08/26 19:00:00+00,72260,768,1138581,9610,1100,6,10378,5651,42299,24310,37002,35130,128,2470,7106,18061,12025,10263,10086,6492,3329,1737,691,507,593,0,0,0,8,12,33,79,177,284,305,202,714,1995,9564,46601,6617,6769,15653,47122,9485,13,31,221,796,23,16,128,951,21,5891,43599,22770,54,93,378,469,622,888,1128,1063,716,240,1594,4306,10796,7247,6232,6127,3639,1469,639,250,822,2707,6887,4309,3409,3071,1725,797,382,201,996,6,5,33,46,109,176,263,213,107,38,216718
55,State,WI,2020/08/31 19:00:00+00,75603,266,1172854,3552,1122,0,3818,5817,44266,25520,38710,36756,137,2561,7498,18919,12526,10698,10554,6840,3491,1804,712,514,608,0,0,0,8,12,33,81,182,287,314,205,757,2062,9705,49115,6862,7102,16032,49487,10084,13,31,222,814,26,16,133,967,22,6132,45772,23699,57,96,387,476,637,912,1171,1095,740,246,1649,4504,11286,7568,6510,6410,3860,1553,671,255,855,2898,7246,4482,3551,3232,1809,843,393,211,1020,6,5,34,48,110,179,272,218,110,38,217597
55,State,WI,2020/08/29 19:00:00+00,74800,819,1164740,7933,1119,6,8752,5775,43859,25166,38309,36358,133,2544,7387,18728,12407,10595,10448,6743,3453,1789,706,513,606,0,0,0,8,12,33,80,181,286,314,205,745,2045,9673,48532,6805,7000,15957,48952,9891,13,31,222,812,25,16,131,966,22,6088,45257,23455,56,95,387,475,634,909,1159,1083,732,245,1640,4462,11183,7500,6458,6353,3811,1532,667,253,848,2830,7158,4432,3503,3186,1773,838,390,208,1017,6,5,34,48,110,178,270,218,110,38,218639
55,State,WI,2020/08/30 19:00:00+00,75337,537,1169302,4562,1122,3,5099,5804,44129,25404,38582,36620,135,2557,7466,18855,12484,10658,10519,6812,3480,1797,709,514,608,0,0,0,8,12,33,81,182,287,314,205,749,2061,9679,48915,6858,7075,16001,49314,10022,13,31,222,814,26,16,133,967,22,6114,45591,23632,57,96,387,474,635,911,1169,1093,736,246,1645,4492,11248,7544,6486,6395,3849,1547,668,255,855,2878,7220,4466,3537,3213,1794,840,393,208,1020,6,5,34,48,110,179,272,218,110,38,219047
55,State,WI,2020/08/28 19:00:00+00,73981,843,1156807,8313,1113,2,9156,5736,43363,24882,37885,35963,133,2525,7296,18529,12282,10465,10335,6656,3415,1774,704,511,602,0,0,0,8,12,33,79,179,286,311,205,735,2029,9652,47882,6749,6934,15875,48317,9789,13,31,222,807,24,16,129,962,22,6033,44705,23243,55,95,384,474,628,902,1151,1075,728,244,1627,4407,11065,7426,6379,6288,3748,1513,659,251,843,2794,7080,4382,3458,3145,1757,827,387,209,1010,6,5,34,48,110,178,266,217,108,38,222593
55,State,WI,2020/08/27 19:00:00+00,73138,878,1148494,9913,1111,11,10791,5684,42853,24601,37435,35576,127,2494,7202,18306,12167,10358,10209,6577,3371,1760,694,511,600,0,0,0,8,12,33,79,178,286,310,205,725,2014,9605,47226,6704,6864,15777,47700,9661,13,31,222,805,24,16,129,959,23,5954,44175,23009,53,93,379,471,624,893,1138,1067,725,241,1607,4350,10943,7351,6308,6213,3694,1489,648,250,834,2759,6984,4345,3426,3103,1745,815,387,203,1004,6,5,33,48,110,177,266,214,107,38,223715
55,State,WI,2020/09/04 19:00:00+00,79354,1498,1210203,10204,1153,7,11702,5998,46534,26822,40529,38679,146,2670,8028,19843,13073,11191,11074,7181,3682,1881,731,530,623,0,0,0,8,14,33,82,187,296,324,209,808,2111,9873,52060,7121,7381,16456,52273,10625,13,31,224,842,26,17,134,997,22,6410,48275,24669,58,99,401,493,654,936,1208,1131,766,252,1730,4798,11820,7895,6819,6746,4091,1668,708,259,882,3131,7622,4685,3718,3392,1882,883,407,220,1043,7,5,34,49,110,182,278,224,115,39,224795
55,State,WI,2020/09/03 19:00:00+00,77856,727,1199999,8451,1146,4,9178,5946,45743,26167,39809,37904,143,2625,7817,19447,12868,10996,10877,7043,3612,1849,722,525,621,0,0,0,8,13,33,82,187,293,322,208,788,2086,9816,50955,7002,7209,16296,51206,10354,13,31,224,834,27,17,132,990,24,6320,47413,24123,59,97,398,488,647,929,1197,1120,759,252,1697,4699,11628,7792,6710,6617,4016,1629,697,258,869,3021,7421,4588,3639,3331,1830,863,393,212,1036,7,5,34,47,110,181,277,222,114,39,225920
55,State,WI,2020/09/02 19:00:00+00,77129,545,1191548,7831,1142,12,8376,5916,45334,25879,39447,37541,141,2602,7706,19296,12768,10895,10772,6976,3564,1832,718,522,620,0,0,0,8,13,33,81,187,293,320,207,780,2077,9782,50402,6961,7127,16236,50665,10228,13,31,224,830,27,17,132,987,23,6273,46950,23906,59,96,397,486,646,924,1187,1116,754,251,1682,4642,11547,7741,6650,6552,3971,1602,690,257,861,2968,7352,4541,3599,3296,1818,846,388,210,1030,7,5,34,47,110,180,276,220,113,38,227043
55,State,WI,2020/09/05 19:00:00+00,80300,946,1217278,7075,1168,15,8021,6048,47157,27095,41020,39131,149,2689,8241,20115,13160,11288,11205,7248,3730,1890,734,534,634,0,0,0,8,15,33,82,191,300,328,211,815,2125,9906,52853,7185,7416,16548,53077,10675,13,31,226,852,26,20,134,1007,27,6489,48978,24833,58,98,405,498,661,943,1215,1147,771,252,1746,4889,12004,7975,6884,6847,4142,1693,714,263,885,3254,7706,4687,3743,3415,1891,890,405,219,1047,7,5,34,49,110,182,278,226,117,39,230166
55,State,WI,2020/09/06 19:00:00+00,81193,893,1221894,4616,1168,0,5509,6070,47574,27549,41491,39549,153,2715,8437,20363,13252,11383,11329,7313,3762,1903,736,534,634,0,0,0,8,15,33,82,191,300,328,211,823,2141,9924,53498,7279,7528,16613,53685,10895,13,31,226,852,26,20,134,1007,27,6547,49467,25179,58,100,409,498,662,945,1220,1151,774,253,1759,4945,12111,8025,6939,6922,4178,1710,721,264,898,3392,7843,4729,3782,3462,1915,901,408,219,1050,7,5,35,49,110,182,278,226,119,39,230866
55,State,WI,2020/09/15 19:00:00+00,91304,1348,1284525,10918,1220,10,12266,6406,53135,31763,46657,44491,156,2937,10854,23414,14296,12314,12439,8036,4173,2066,775,558,662,0,0,0,9,15,36,84,204,311,346,215,956,2309,10190,61446,8090,8313,17400,61598,12306,15,33,229,900,24,19,142,1056,22,7155,56115,28034,61,116,434,521,683,996,1282,1220,830,263,1945,5898,13680,8727,7572,7645,4653,1951,789,275,931,4840,9300,5048,4059,3798,2101,1002,447,237,1090,7,5,37,50,114,190,289,231,125,42,233039
55,State,WI,2020/09/13 19:00:00+00,89185,1582,1270458,6153,1210,1,7735,6332,51885,30968,45617,43413,155,2897,10363,22791,14062,12096,12227,7885,4077,2021,766,551,659,0,0,0,9,15,35,84,199,309,344,215,933,2277,10125,59717,7956,8177,17225,59933,12027,14,32,229,892,24,19,141,1046,23,7020,54644,27521,60,115,429,515,679,984,1269,1206,816,259,1910,5661,13328,8576,7420,7498,4559,1891,768,274,927,4587,9034,4971,3997,3745,2057,980,437,233,1080,7,5,36,50,113,190,285,231,123,40,233813
55,State,WI,2020/09/10 19:00:00+00,84881,1547,1245448,7275,1193,10,8822,6222,49658,29001,43367,41350,164,2794,9398,21396,13666,11679,11742,7586,3919,1949,752,544,649,0,0,0,9,15,34,83,195,305,338,214,875,2196,10026,56295,7690,7799,16896,56585,11400,14,32,228,875,25,19,140,1029,24,6787,51913,26181,59,107,417,508,672,971,1252,1182,798,256,1829,5291,12671,8311,7168,7195,4379,1810,734,270,906,4000,8308,4847,3839,3576,1955,927,417,226,1068,7,5,35,50,112,186,283,231,120,39,234710
55,State,WI,2020/09/09 19:00:00+00,83334,857,1238173,8014,1183,15,8871,6173,48928,28233,42572,40608,154,2757,8887,20946,13522,11576,11596,7500,3872,1931,747,541,642,0,0,0,8,15,34,83,192,303,335,213,862,2167,9997,55193,7456,7659,16774,55399,11161,14,31,228,865,24,21,137,1018,28,6716,51082,25536,59,104,414,507,668,963,1243,1173,786,256,1796,5168,12474,8215,7087,7104,4309,1781,729,265,902,3615,8058,4800,3821,3529,1948,918,416,226,1058,7,5,35,50,111,183,280,228,120,39,236948
55,State,WI,2020/09/12 19:00:00+00,87603,1353,1264305,10271,1209,12,11624,6309,51197,30097,44813,42637,153,2864,10008,22255,13916,11964,12058,7771,4019,1991,757,551,658,0,0,0,9,15,35,84,199,309,343,215,916,2249,10095,58513,7842,7988,17134,58757,11712,14,32,229,891,24,19,141,1045,23,6956,53902,26745,60,112,429,514,677,982,1266,1202,810,257,1886,5570,13130,8483,7336,7407,4495,1859,759,272,918,4326,8696,4919,3951,3669,2010,958,422,228,1078,7,5,35,50,113,190,285,231,123,39,239467
55,State,WI,2020/09/14 19:00:00+00,89956,771,1273607,3149,1210,0,3920,6350,52228,31378,45996,43803,157,2914,10598,23038,14135,12153,12285,7927,4094,2039,773,551,659,0,0,0,9,15,35,84,199,309,344,215,939,2289,10149,60241,8086,8252,17285,60470,12201,14,32,229,892,24,19,141,1046,23,7061,55096,27799,60,116,431,516,682,985,1273,1209,819,259,1919,5740,13445,8618,7446,7529,4584,1897,775,275,935,4742,9162,5001,4025,3771,2070,988,445,239,1083,7,5,36,50,114,190,285,231,124,41,240031
55,State,WI,2020/09/17 19:00:00+00,94746,2034,1304724,9411,1231,3,11445,6522,54949,33275,48375,46209,162,3018,11572,24364,14703,12670,12883,8292,4316,2133,795,560,670,1,0,0,9,15,36,84,204,314,351,218,1013,2369,10284,64185,8294,8601,17699,64275,12772,16,33,230,909,24,19,144,1065,22,7365,58211,29170,61,119,450,535,686,1011,1307,1240,846,267,1994,6237,14157,8954,7813,7892,4794,2018,811,279,963,5216,9757,5214,4171,3980,2191,1058,476,249,1105,7,5,38,50,114,191,291,238,126,45,243969
55,State,WI,2020/09/18 19:00:00+00,97279,2533,1315258,10534,1238,7,13067,6569,56049,34661,49599,47514,166,3095,12091,25098,15013,12943,13160,8495,4414,2166,804,562,675,1,0,0,9,16,37,84,204,317,353,218,1034,2422,10391,66165,8383,8884,17886,66144,13249,16,34,230,915,24,19,144,1072,22,7421,59081,30777,61,120,452,539,694,1013,1312,1256,851,271,2022,6425,14443,9106,7949,8043,4892,2058,831,280,1012,5546,10203,5368,4300,4104,2291,1100,484,253,1110,7,5,38,51,114,191,293,240,126,45,245211
55,State,WI,2020/09/19 19:00:00+00,99562,2283,1325447,10189,1241,3,12472,6619,57214,35729,50718,48673,171,3164,12552,25744,15277,13214,13447,8660,4494,2201,809,562,678,1,0,0,9,16,37,84,204,320,353,218,1068,2458,10448,67966,8524,9098,18043,67876,13643,16,34,230,918,24,19,144,1074,23,7497,59800,32265,63,121,452,543,697,1016,1326,1268,860,273,2073,6626,14743,9255,8099,8197,5001,2096,842,282,1028,5805,10549,5479,4418,4234,2333,1130,499,254,1112,7,5,38,51,114,191,293,241,127,45,245734
55,State,WI,2020/09/20 19:00:00+00,101227,1665,1332102,6655,1242,1,8320,6653,57884,36690,51581,49476,170,3210,12864,26234,15464,13395,13633,8804,4571,2236,816,563,678,1,0,0,9,16,37,84,204,320,353,219,1088,2482,10498,69229,8633,9297,18185,69076,13966,16,34,230,919,24,19,144,1075,23,7533,60165,33529,63,123,456,546,698,1018,1332,1276,866,275,2095,6740,14903,9345,8183,8286,5066,2131,852,283,1052,6001,10875,5573,4514,4329,2406,1164,518,258,1115,7,5,39,51,114,191,295,241,127,45,246861
55,State,WI,2020/09/21 19:00:00+00,102498,1271,1337627,5525,1244,2,6796,6692,58537,37269,52203,50120,175,3236,13064,26575,15653,13538,13785,8919,4632,2273,823,565,678,1,0,0,9,16,37,84,204,321,353,220,1097,2508,10536,70245,8723,9389,18301,70028,14169,16,34,230,921,24,19,144,1076,24,7566,60698,34234,65,125,459,549,700,1021,1339,1282,875,277,2107,6853,15056,9444,8255,8375,5132,2168,864,283,1064,6086,11060,5660,4583,4389,2448,1182,534,263,1117,7,5,40,51,114,191,295,242,127,45,247269
55,State,WI,2020/09/23 19:00:00+00,105932,1762,1360183,11691,1259,8,13453,6821,60596,38515,53961,51789,182,3361,13551,27377,16150,13955,14274,9261,4815,2346,842,569,689,1,0,0,9,17,37,85,209,322,360,220,1154,2554,10664,73043,8896,9621,18622,72697,14613,16,35,231,933,25,19,147,1088,24,7704,61944,36284,65,132,471,556,714,1033,1358,1314,895,283,2197,7148,15552,9743,8514,8663,5331,2271,893,284,1099,6271,11354,5851,4727,4578,2572,1230,558,275,998,5,6,38,47,102,170,250,222,118,40,247784
55,State,WI,2020/09/24 19:00:00+00,108324,2392,1371070,10887,1265,6,13279,6897,61842,39585,55162,52978,184,3455,13923,27931,16451,14254,14636,9503,4925,2400,846,571,693,1,0,0,9,17,38,85,210,323,363,220,1179,2602,10743,75021,9022,9757,18854,74558,14912,16,35,231,939,25,19,147,1094,24,7766,62739,37819,65,136,475,564,721,1045,1370,1327,909,285,2258,7316,15795,9909,8682,8871,5472,2335,915,289,1132,6471,11661,5978,4851,4720,2661,1263,576,272,1006,5,6,39,47,102,172,251,223,121,40,250558
55,State,WI,2020/09/27 19:00:00+00,115862,2217,1399218,5806,1281,0,8023,7095,65758,43009,59041,56627,194,3711,14908,29597,17562,15286,15807,10270,5285,2542,894,578,702,1,0,0,9,17,38,86,212,329,367,223,1284,2732,10996,81035,9365,10450,19506,80102,16254,16,36,232,951,26,20,150,1106,25,7984,64898,42980,68,136,481,578,733,1073,1412,1375,943,296,2414,7822,16568,10518,9251,9503,5905,2497,971,309,1229,6950,12548,6466,5302,5231,2953,1413,628,289,1156,7,6,41,53,116,195,300,254,136,48,251383
55,State,WI,2020/09/28 19:00:00+00,117588,1726,1405377,6159,1283,2,7885,7142,66622,43824,59938,57457,193,3764,15109,29951,17852,15510,16099,10448,5366,2578,911,579,703,1,0,0,9,17,38,86,213,329,368,223,1299,2774,11043,82404,9494,10574,19684,81394,16510,16,36,232,952,26,21,150,1107,26,8035,65370,44183,68,138,485,580,737,1078,1421,1384,953,298,2447,7918,16723,10672,9351,9663,6005,2540,984,319,1249,7053,12743,6600,5422,5358,3022,1442,641,294,1162,7,6,42,53,117,195,302,255,137,48,252722
55,State,WI,2020/09/30 19:00:00+00,122274,2319,1423247,9473,1327,27,11792,7300,69417,45557,62179,59895,200,3922,15608,30865,18609,16163,16891,10966,5612,2692,946,597,729,1,0,0,9,17,39,86,220,340,387,229,1381,2867,11328,86175,9703,10820,20124,85036,17114,17,36,235,992,25,22,150,1149,28,8200,66952,47122,68,143,490,587,750,1101,1461,1419,975,306,2564,8235,17258,11112,9727,10157,6328,2676,1030,330,1290,7230,13117,6910,5686,5633,3177,1517,687,310,1179,7,6,42,52,117,200,305,262,140,48,254371
55,State,WI,2020/09/29 19:00:00+00,119955,2367,1413774,8397,1300,17,10764,7209,67882,44864,61089,58670,196,3839,15363,30452,18244,15823,16490,10707,5489,2625,923,585,714,1,0,0,9,17,38,86,214,335,377,224,1346,2833,11155,84296,9625,10700,19939,83202,16814,17,36,232,965,26,24,150,1120,30,8114,66152,45689,68,139,488,581,742,1087,1435,1403,962,304,2498,8055,16988,10872,9505,9888,6152,2601,999,324,1273,7169,12976,6791,5576,5515,3120,1485,664,295,1171,7,6,42,53,117,196,304,258,140,48,255496
55,State,WI,2020/10/02 19:00:00+00,127906,2745,1445571,10850,1353,5,13595,7506,72622,47778,65121,62581,204,4094,16242,31927,19426,17009,17840,11621,5955,2816,976,609,743,1,0,0,10,17,41,88,224,345,398,230,1442,2990,11518,90663,9970,11323,20582,89211,18113,17,39,236,1014,25,22,153,1173,27,8377,68645,50884,69,147,504,601,766,1125,1499,1468,1013,314,2692,8628,17842,11584,10194,10706,6698,2860,1078,340,1333,7467,13581,7241,6049,6009,3424,1627,725,322,1196,7,6,42,53,117,203,307,271,142,48,257321
55,State,WI,2020/10/01 19:00:00+00,125161,2887,1434721,11474,1348,21,14361,7409,71059,46693,63695,61264,202,4020,15929,31404,19043,16595,17370,11317,5774,2746,963,606,741,1,0,0,9,17,41,87,223,344,397,230,1416,2930,11426,88442,9832,11115,20349,87171,17641,17,38,236,1010,25,22,152,1169,27,8290,67756,49115,69,146,496,596,758,1112,1481,1446,995,310,2632,8421,17567,11370,9965,10444,6511,2762,1050,337,1319,7362,13341,7077,5872,5814,3325,1566,701,316,1187,7,6,42,52,117,201,306,266,142,48,258698
55,State,WI,2020/10/03 19:00:00+00,130798,2892,1456763,11192,1372,19,14084,7588,74107,49103,66557,64030,211,4186,16527,32490,19881,17448,18336,11953,6103,2874,1000,617,754,1,0,0,10,17,41,91,228,346,402,237,1498,3058,11624,92896,10127,11595,20834,91284,18680,17,39,237,1030,26,23,155,1184,33,8469,69437,52892,71,148,509,610,770,1131,1515,1485,1030,319,2761,8790,18105,11823,10415,10968,6870,2926,1101,348,1354,7589,13876,7448,6263,6237,3568,1692,743,333,1202,7,6,43,53,118,205,309,271,142,48,261395
55,State,WI,2020/10/04 19:00:00+00,132663,1865,1465713,8950,1377,5,10815,7646,75070,49947,67479,64974,210,4257,16693,32817,20158,17723,18657,12191,6223,2930,1014,617,759,1,0,0,10,17,41,91,229,347,404,238,1542,3085,11702,94308,10226,11800,20963,92592,19108,17,39,237,1034,26,24,155,1187,35,8513,69884,54266,72,147,515,613,774,1134,1529,1497,1043,322,2798,8895,18259,11946,10571,11147,6993,2993,1118,350,1387,7651,14043,7599,6378,6376,3669,1733,769,342,1205,7,6,44,53,118,205,309,272,143,48,262870
55,State,WI,2020/10/08 19:00:00+00,141830,3132,1506828,13524,1424,9,16656,8061,80114,53655,72037,69572,221,4549,17519,34370,21602,19152,20175,13381,6820,3172,1090,635,788,1,0,0,10,17,41,94,236,362,416,248,1707,3241,12123,101778,10632,12349,21702,99568,20560,17,41,238,1073,26,29,155,1226,43,8845,72530,60455,72,152,525,630,800,1199,1600,1619,1117,347,3007,9393,19135,12709,11324,12009,7689,3265,1203,380,1470,7974,14710,8263,7028,6967,4092,1936,852,363,1253,8,5,46,53,121,212,316,288,155,49,263664
55,State,WI,2020/10/09 19:00:00+00,144818,2988,1518662,11834,1440,16,14822,8199,81728,54891,73504,71090,224,4644,17773,34931,22094,19602,20646,13753,7014,3254,1107,641,798,1,0,0,10,17,42,95,240,363,419,254,1744,3311,12304,104076,10787,12596,21977,101723,21118,17,41,239,1091,25,27,156,1243,41,8924,73419,62475,72,154,529,638,812,1219,1633,1652,1137,353,3067,9541,19405,12954,11577,12274,7901,3367,1253,389,1505,8078,14997,8502,7213,7153,4219,1995,864,365,1261,8,5,46,53,122,214,321,288,155,49,264072
55,State,WI,2020/10/07 19:00:00+00,138698,2319,1493304,11188,1415,16,13507,7951,78510,52237,70443,68041,214,4454,17221,33815,21087,18639,19700,12984,6626,3106,1066,634,780,1,0,0,10,17,42,94,234,357,414,247,1654,3196,11999,99214,10466,12169,21448,97157,20093,17,41,237,1064,26,30,155,1215,45,8747,71692,58259,72,151,526,624,793,1181,1584,1585,1096,339,2949,9251,18861,12446,11067,11763,7440,3180,1180,373,1433,7819,14428,8017,6779,6756,3960,1861,830,354,1233,8,5,47,53,119,210,311,281,151,48,264858
55,State,WI,2020/10/05 19:00:00+00,134359,1696,1472577,6864,1381,4,8560,7702,75869,50788,68262,65886,211,4317,16842,33080,20421,17972,18954,12423,6336,2984,1030,619,761,1,0,0,10,17,41,91,229,348,407,238,1574,3108,11774,95699,10290,11914,21073,93864,19422,17,39,237,1037,26,25,155,1190,36,8553,70241,55565,72,147,517,616,775,1146,1538,1510,1056,325,2840,8996,18378,12055,10678,11294,7105,3033,1136,354,1405,7699,14185,7750,6519,6514,3780,1793,792,351,1212,7,6,44,53,118,207,309,275,145,48,266415
55,State,WI,2020/10/06 19:00:00+00,136379,2020,1482116,9539,1399,18,11559,7810,77098,51471,69298,66867,214,4377,17014,33437,20737,18287,19289,12681,6480,3031,1046,630,768,1,0,0,10,17,42,92,231,353,411,243,1608,3173,11873,97359,10391,11975,21246,95437,19696,17,40,237,1051,26,28,155,1202,42,8634,70979,56766,72,147,522,621,780,1167,1558,1538,1074,331,2877,9131,18627,12233,10846,11508,7254,3105,1151,366,1428,7736,14288,7883,6661,6614,3869,1837,806,349,1225,8,6,46,53,118,208,310,278,150,48,267210
