OBJECTID,GEOID,GEO,NAME,LoadDttm,NEGATIVE,POSITIVE,HOSP_YES,HOSP_NO,HOSP_UNK,POS_FEM,POS_MALE,POS_OTH,POS_0_9,POS_10_19,POS_20_29,POS_30_39,POS_40_49,POS_50_59,POS_60_69,POS_70_79,POS_80_89,POS_90,DEATHS,DTHS_FEM,DTHS_MALE,DTHS_OTH,DTHS_0_9,DTHS_10_19,DTHS_20_29,DTHS_30_39,DTHS_40_49,DTHS_50_59,DTHS_60_69,DTHS_70_79,DTHS_80_89,DTHS_90,IP_Y_0_9,IP_Y_10_19,IP_Y_20_29,IP_Y_30_39,IP_Y_40_49,IP_Y_50_59,IP_Y_60_69,IP_Y_70_79,IP_Y_80_89,IP_Y_90,IP_N_0_9,IP_N_10_19,IP_N_20_29,IP_N_30_39,IP_N_40_49,IP_N_50_59,IP_N_60_69,IP_N_70_79,IP_N_80_89,IP_N_90,IP_U_0_9,IP_U_10_19,IP_U_20_29,IP_U_30_39,IP_U_40_49,IP_U_50_59,IP_U_60_69,IP_U_70_79,IP_U_80_89,IP_U_90,IC_YES,IC_Y_0_9,IC_Y_10_19,IC_Y_20_29,IC_Y_30_39,IC_Y_40_49,IC_Y_50_59,IC_Y_60_69,IC_Y_70_79,IC_Y_80_89,IC_Y_90,POS_AIAN,POS_ASN,POS_BLK,POS_WHT,POS_MLTOTH,POS_UNK,POS_E_HSP,POS_E_NHSP,POS_E_UNK,DTH_AIAN,DTH_ASN,DTH_BLK,DTH_WHT,DTH_MLTOTH,DTH_UNK,DTH_E_HSP,DTH_E_NHSP,DTH_E_UNK,POS_HC_Y,POS_HC_N,POS_HC_UNK,DTH_NEW,POS_NEW,NEG_NEW,TEST_NEW,DATE
1,55,State,WI,2020/03/15 19:00:00+00,313,32,,,,,,,,,,,,,,,,,0,,,,,,,,,,,,,,,,,,,,,,,,,,,,,,,,,,,,,,,,,,,,,,,,,,,,,,,,,,,,,,,,,,,,,,,,,,,,,,,,2020/03/15 14:00:00+00
74,55,State,WI,2020/03/16 19:00:00+00,504,47,,,,,,,,,,,,,,,,,0,,,,,,,,,,,,,,,,,,,,,,,,,,,,,,,,,,,,,,,,,,,,,,,,,,,,,,,,,,,,,,,,,,,,,,,,,,,,0,15,191,206,2020/03/16 14:00:00+00
147,55,State,WI,2020/03/17 19:00:00+00,1038,72,,,,,,,,,,,,,,,,,0,,,,,,,,,,,,,,,,,,,,,,,,,,,,,,,,,,,,,,,,,,,,,,,,,,,,,,,,,,,,,,,,,,,,,,,,,,,,0,25,534,559,2020/03/17 14:00:00+00
220,55,State,WI,2020/03/18 19:00:00+00,1577,106,,,,,,,,,,,,,,,,,0,,,,,,,,,,,,,,,,,,,,,,,,,,,,,,,,,,,,,,,,,,,,,,,,,,,,,,,,,,,,,,,,,,,,,,,,,,,,0,34,539,573,2020/03/18 14:00:00+00
293,55,State,WI,2020/03/19 19:00:00+00,2192,155,,,,,,,,,,,,,,,,,0,,,,,,,,,,,,,,,,,,,,,,,,,,,,,,,,,,,,,,,,,,,,,,,,,,,,,,,,,,,,,,,,,,,,,,,,,,,,0,49,615,664,2020/03/19 14:00:00+00
366,55,State,WI,2020/03/20 19:00:00+00,3455,206,,,,,,,,,,,,,,,,,3,,,,,,,,,,,,,,,,,,,,,,,,,,,,,,,,,,,,,,,,,,,,,,,,,,,,,,,,,,,,,,,,,,,,,,,,,,,,3,51,1263,1314,2020/03/20 14:00:00+00
439,55,State,WI,2020/03/21 19:00:00+00,4628,281,,,,,,,,,,,,,,,,,4,,,,,,,,,,,,,,,,,,,,,,,,,,,,,,,,,,,,,,,,,,,,,,,,,,,,,,,,,,,,,,,,,,,,,,,,,,,,1,75,1173,1248,2020/03/21 14:00:00+00
512,55,State,WI,2020/03/22 19:00:00+00,6230,381,,,,,,,,,,,,,,,,,4,,,,,,,,,,,,,,,,,,,,,,,,,,,,,,,,,,,,,,,,,,,,,,,,,,,,,,,,,,,,,,,,,,,,,,,,,,,,0,100,1602,1702,2020/03/22 14:00:00+00
585,55,State,WI,2020/03/23 19:00:00+00,7050,416,,,,,,,,,,,,,,,,,5,,,,,,,,,,,,,,,,,,,,,,,,,,,,,,,,,,,,,,,,,,,,,,,,,,,,,,,,,,,,,,,,,,,,,,,,,,,,1,35,820,855,2020/03/23 14:00:00+00
658,55,State,WI,2020/03/24 19:00:00+00,8237,457,,,,,,,,,,,,,,,,,5,,,,,,,,,,,,,,,,,,,,,,,,,,,,,,,,,,,,,,,,,,,,,,,,,,,,,,,,,,,,,,,,,,,,,,,,,,,,0,41,1187,1228,2020/03/24 14:00:00+00
731,55,State,WI,2020/03/25 19:00:00+00,10089,585,,,,,,,,,,,,,,,,,6,,,,,,,,,,,,,,,,,,,,,,,,,,,,,,,,,,,,,,,,,,,,,,,,,,,,,,,,,,,,,,,,,,,,,,,,,,,,1,128,1852,1980,2020/03/25 14:00:00+00
804,55,State,WI,2020/03/26 19:00:00+00,11583,707,,,,,,,,,,,,,,,,,8,,,,,,,,,,,,,,,,,,,,,,,,,,,,,,,,,,,,,,,,,,,,,,,,,,,,,,,,,,,,,,,,,,,,,,,,,,,,2,122,1494,1616,2020/03/26 14:00:00+00
877,55,State,WI,2020/03/27 19:00:00+00,13140,842,,,,,,,,,,,,,,,,,13,,,,,,,,,,,,,,,,,,,,,,,,,,,,,,,,,,,,,,,,,,,,,,,,,,,,,,,,,,,,,,,,,,,,,,,,,,,,5,135,1557,1692,2020/03/27 14:00:00+00
950,55,State,WI,2020/03/28 19:00:00+00,15232,989,,,,,,,,,,,,,,,,,13,,,,,,,,,,,,,,,,,,,,,,,,,,,,,,,,,,,,,,,,,,,,,,,,,,,,,,,,,,,,,,,,,,,,,,,,,,,,0,147,2092,2239,2020/03/28 14:00:00+00
1023,55,State,WI,2020/03/29 19:00:00+00,16550,1112,,,,601,511,,4,14,148,169,186,203,220,111,46,11,13,5,8,,0,0,0,0,0,4,3,3,2,1,,,,,,,,,,,,,,,,,,,,,,,,,,,,,,,,,,,,,,,,,,,,,,,,,,,,,,,,,,,,,,,0,123,1318,1441,2020/03/29 14:00:00+00
1096,55,State,WI,2020/03/30 19:00:00+00,15856,1221,283,670,268,652,569,,4,16,161,179,198,224,247,126,53,13,14,5,9,,0,0,0,0,1,4,3,3,2,1,,,,,,,,,,,,,,,,,,,,,,,,,,,,,,,,,,,,,,,,,,,,,,,,,,,,,,,,,,,,,,,1,109,-694,-585,2020/03/30 14:00:00+00
1169,55,State,WI,2020/03/31 19:00:00+00,17375,1351,337,750,264,713,638,,5,16,171,193,216,251,274,142,66,17,16,7,9,,0,0,0,0,1,4,3,4,3,1,,,,,,,,,,,,,,,,,,,,,,,,,,,,,,,,,,,,,,,,,,,,,,,,,,,,,,,,,,,,,,,2,130,1519,1649,2020/03/31 14:00:00+00
1242,55,State,WI,2020/04/01 19:00:00+00,18819,1550,398,825,327,809,741,,7,16,189,213,255,295,310,165,77,23,24,10,14,,0,0,0,0,1,6,5,6,5,1,,,,,,,,,,,,,,,,,,,,,,,,,,,,,,,,,,,,,,,,,,,,,,,,,,,,,,,,,,,,,,,8,199,1444,1643,2020/04/01 14:00:00+00
1315,55,State,WI,2020/04/02 19:00:00+00,20317,1730,461,913,356,908,822,,6,18,207,240,279,335,341,192,86,26,31,13,18,,0,0,0,1,1,6,5,9,7,2,2,1,9,30,54,86,115,99,52,13,4,14,170,166,162,169,155,55,13,5,0,3,28,44,63,80,71,38,21,8,126,0,0,1,10,13,23,37,26,14,2,,,,,,,,,,,,,,,,,,,,,,7,180,1498,1678,2020/04/02 14:00:00+00
1388,55,State,WI,2020/04/03 19:00:00+00,22377,1916,487,942,487,1005,911,,6,19,225,268,313,371,374,213,99,28,37,16,21,,0,0,0,1,1,6,5,12,9,3,2,1,10,31,55,84,127,104,58,15,4,13,164,170,170,183,161,53,19,5,0,5,51,67,88,104,86,56,22,8,147,0,0,2,11,14,25,46,30,16,3,,,,,,,,,,,,,,,,,,,,,,6,186,2060,2246,2020/04/03 14:00:00+00
1461,55,State,WI,2020/04/04 19:00:00+00,23859,2112,588,1105,419,1117,995,,6,23,249,293,350,404,408,233,111,35,56,24,32,,0,0,0,2,1,8,9,16,14,6,2,1,12,40,65,100,153,125,74,16,4,17,189,201,208,213,183,68,16,6,0,5,48,52,77,91,72,40,21,13,164,0,0,2,12,16,27,54,32,18,3,,,,,,,,,,,,,,,,,,,,,,19,196,1482,1678,2020/04/04 14:00:00+00
1534,55,State,WI,2020/04/05 19:00:00+00,25169,2267,624,1164,479,1201,1066,,8,27,261,317,378,438,428,253,121,36,68,27,41,,0,0,0,2,1,10,10,22,16,7,2,1,12,42,69,106,161,136,78,17,4,19,197,218,218,226,188,69,19,6,2,7,52,57,91,106,79,48,24,13,175,0,0,2,12,16,28,59,36,19,3,,,,,,,,,,,,,,,,,,,,,,12,155,1310,1465,2020/04/05 14:00:00+00
1607,55,State,WI,2020/04/06 19:00:00+00,26574,2440,668,1203,569,1288,1152,,8,28,275,339,409,474,457,277,135,38,77,28,49,,0,0,0,2,1,11,11,25,18,9,2,1,14,44,75,116,165,146,86,19,4,20,201,226,228,236,196,69,18,5,2,7,60,69,106,122,96,62,31,14,186,0,0,3,12,17,32,62,37,20,3,,,,,,,,,,,,,,,,,,,,,,9,173,1405,1578,2020/04/06 14:00:00+00
1680,55,State,WI,2020/04/07 19:00:00+00,28512,2578,745,1304,529,1366,1212,,10,29,288,355,433,495,486,298,143,41,92,36,56,,0,0,0,2,2,11,15,32,20,10,2,1,19,52,82,131,184,156,98,20,7,21,213,237,260,255,209,78,19,5,1,7,56,66,91,109,93,64,26,16,200,0,0,3,12,20,35,65,41,21,3,,,,,,,,,,,,,,,,,,,,,,15,138,1938,2076,2020/04/07 14:00:00+00
1753,55,State,WI,2020/04/08 19:00:00+00,30115,2756,790,1389,577,1463,1293,,12,33,310,382,455,539,515,313,153,44,99,38,61,,0,0,0,2,2,11,16,35,23,10,3,2,20,53,88,141,193,166,103,21,7,23,232,253,277,275,215,82,19,6,2,8,58,76,90,123,107,65,31,17,218,0,0,3,14,21,38,67,49,23,3,22,55,741,1342,47,549,256,1834,666,1,4,42,43,0,9,3,83,13,,,,7,178,1603,1781,2020/04/08 14:00:00+00
1826,55,State,WI,2020/04/09 19:00:00+00,31424,2885,843,1468,574,1532,1353,,12,33,326,401,468,562,537,331,164,51,111,42,69,,0,0,0,3,2,12,17,39,26,12,3,2,24,57,91,153,203,176,110,24,8,24,242,274,291,287,229,85,22,6,1,7,60,70,86,122,105,70,32,21,230,0,0,3,14,21,42,69,54,24,3,25,64,772,1430,54,540,282,1959,644,1,4,49,56,0,1,3,105,3,,,,12,129,1309,1438,2020/04/09 14:00:00+00
1899,55,State,WI,2020/04/10 19:00:00+00,33225,3068,904,1561,603,1622,1446,,13,36,343,433,497,594,566,351,178,57,128,49,79,,0,0,0,3,2,15,24,42,27,15,3,2,25,60,95,166,217,190,120,26,8,25,255,299,303,299,245,89,29,9,2,9,63,74,99,129,104,72,29,22,247,0,0,4,14,23,45,73,56,27,5,28,71,812,1535,60,562,313,2085,670,1,4,56,65,0,2,3,122,3,,,,17,183,1801,1984,2020/04/10 14:00:00+00
1972,55,State,WI,2020/04/11 19:00:00+00,34680,3213,950,1659,604,1704,1509,,14,38,354,449,528,623,587,369,189,62,137,54,83,,0,0,0,3,4,15,25,42,30,18,4,3,28,63,102,171,228,194,127,30,8,26,267,310,325,328,257,94,31,13,2,9,59,76,101,124,102,81,31,19,257,0,0,4,14,23,47,75,58,29,7,28,76,845,1615,66,583,333,2194,686,1,4,60,71,0,1,4,131,2,,,,9,145,1455,1600,2020/04/11 14:00:00+00
3447,55,State,WI,2020/04/12 19:00:00+00,35916,3341,974,1735,632,1778,1563,,14,40,372,465,539,656,605,384,200,66,144,57,87,,0,0,0,3,4,15,25,45,33,19,4,3,27,64,102,177,230,204,131,32,8,27,284,318,334,350,270,96,33,15,2,10,61,83,103,129,105,84,36,19,261,0,0,3,14,23,48,76,61,29,7,28,81,857,1680,74,621,361,2262,718,1,4,61,77,0,1,4,138,2,,,,7,128,1236,1364,2020/04/12 14:00:00+00
4922,55,State,WI,2020/04/13 19:00:00+00,36769,3428,993,1770,665,1828,1600,,14,41,384,479,553,671,618,390,209,69,154,61,93,,0,0,0,4,5,16,27,48,34,20,4,3,28,66,105,177,233,208,137,32,8,27,289,324,341,357,275,97,36,16,2,11,67,89,107,137,110,85,36,21,264,0,0,3,14,23,48,77,61,31,7,30,85,862,1726,77,648,371,2307,750,2,4,64,83,0,1,7,145,2,553,1628,1247,10,87,853,940,2020/04/13 14:00:00+00
6397,55,State,WI,2020/04/14 19:00:00+00,37997,3555,1049,1841,665,1897,1658,,14,41,404,494,568,700,633,403,222,76,170,67,103,,0,0,0,4,5,16,34,51,39,21,4,3,34,70,111,188,242,220,144,33,8,27,303,336,356,370,284,99,39,19,2,11,67,88,101,142,107,84,39,24,283,0,0,4,15,25,50,82,65,34,8,32,88,895,1806,85,649,402,2414,739,2,4,69,93,0,2,7,160,3,568,1684,1303,16,127,1228,1355,2020/04/14 14:00:00+00
7872,55,State,WI,2020/04/15 19:00:00+00,39326,3721,1091,1920,710,1991,1730,,15,44,424,526,595,734,656,418,231,78,182,72,110,,0,0,0,4,5,18,35,56,41,23,4,3,35,75,115,198,245,234,148,34,8,29,314,350,372,384,292,106,44,21,3,12,75,101,108,152,119,78,39,23,290,0,0,4,17,27,51,83,65,35,8,34,90,916,1881,98,702,443,2490,788,2,4,71,104,0,1,9,171,2,646,2035,1040,12,166,1329,1495,2020/04/15 14:00:00+00
9347,55,State,WI,2020/04/16 19:00:00+00,40974,3875,1121,2010,744,2070,1805,,16,47,443,553,617,760,676,424,248,91,197,79,118,,0,0,0,4,6,20,38,59,44,26,4,3,35,76,117,202,254,243,151,36,9,32,327,365,389,407,300,110,45,26,3,12,81,112,111,151,122,71,52,29,299,0,0,4,17,28,52,87,68,35,8,34,95,965,1987,113,681,501,2612,762,2,5,76,112,0,2,10,184,3,669,2135,1071,15,154,1648,1802,2020/04/16 14:00:00+00
10822,55,State,WI,2020/04/17 19:00:00+00,42365,4045,1153,2113,779,2167,1878,,16,51,464,585,655,794,695,435,254,96,205,84,121,,0,0,0,4,6,20,41,61,47,26,4,3,35,76,122,208,259,252,156,38,10,34,340,389,417,425,310,111,47,30,2,14,89,120,116,161,126,72,51,28,306,0,0,4,17,30,55,89,68,35,8,34,108,984,2081,132,706,556,2697,792,2,5,77,118,0,3,11,190,4,700,2407,938,8,170,1391,1561,2020/04/17 14:00:00+00
12297,55,State,WI,2020/04/18 19:00:00+00,43962,4199,1176,2220,803,2251,1948,,17,56,481,613,679,823,710,455,263,102,211,87,124,,0,0,0,4,6,20,41,65,47,28,4,3,35,79,123,213,264,257,159,39,11,37,355,414,436,450,319,118,48,32,2,16,91,120,120,160,127,80,56,31,307,0,0,4,17,30,55,89,68,36,8,34,115,1004,2165,143,738,595,2767,837,2,5,77,124,0,3,11,196,4,731,2503,965,6,154,1597,1751,2020/04/18 14:00:00+00
13772,55,State,WI,2020/04/19 19:00:00+00,45323,4346,1190,2264,892,2326,2020,,18,66,514,636,702,846,722,462,274,106,220,91,129,,0,0,2,4,6,20,42,67,48,31,4,3,35,82,124,216,266,261,160,39,12,43,362,421,446,459,319,118,51,33,2,20,117,133,132,171,137,83,63,34,307,0,0,4,17,30,55,89,68,36,8,37,116,1025,2214,145,809,628,2819,899,2,5,80,132,0,1,11,207,2,742,2508,1096,9,147,1361,1508,2020/04/19 14:00:00+00
15247,55,State,WI,2020/04/20 19:00:00+00,46603,4499,1211,2394,894,2397,2102,,20,74,550,666,726,866,737,470,282,108,230,98,132,,0,0,2,4,7,20,43,67,52,35,4,3,37,84,126,218,269,266,163,41,14,49,400,447,466,474,331,120,58,35,2,22,113,135,134,174,137,84,61,32,315,0,0,4,18,31,59,90,68,36,9,39,124,1048,2272,172,844,690,2893,916,2,5,81,137,0,5,12,212,6,764,2614,1121,10,153,1280,1433,2020/04/20 14:00:00+00
16722,55,State,WI,2020/04/21 19:00:00+00,47841,4620,1252,2517,851,2449,2171,,21,77,580,688,744,892,743,475,288,112,242,101,141,,0,0,2,4,8,21,43,72,55,37,4,3,41,84,128,227,274,273,169,49,14,52,423,471,483,497,344,133,61,39,3,22,116,133,133,168,125,69,58,24,324,0,0,5,18,32,63,89,70,35,12,41,125,1125,2386,177,766,739,3053,828,3,5,82,146,0,6,14,222,6,782,2713,1125,12,121,1238,1359,2020/04/21 14:00:00+00
18197,55,State,WI,2020/04/22 19:00:00+00,49502,4845,1302,2685,858,2558,2287,,28,89,628,726,789,925,770,481,292,117,246,104,142,,0,0,2,4,8,21,43,73,56,39,4,3,43,86,134,236,290,283,172,51,21,63,461,499,517,521,362,136,64,41,3,23,124,141,138,168,118,62,56,25,339,0,0,5,18,34,65,98,72,35,12,44,135,1198,2526,212,730,842,3226,777,3,5,82,151,0,5,15,225,6,809,2819,1217,4,225,1661,1886,2020/04/22 14:00:00+00
19672,55,State,WI,2020/04/23 19:00:00+00,51456,5052,1318,2822,912,2650,2402,,32,105,670,771,820,960,792,487,296,119,257,107,150,,0,0,2,4,9,22,44,78,58,40,4,6,44,85,135,239,295,283,175,52,22,69,484,529,545,548,379,140,65,41,6,30,142,157,140,173,118,64,56,26,342,0,0,5,18,34,65,99,73,36,12,46,143,1264,2665,232,702,956,3359,737,3,5,85,157,1,6,15,234,8,835,2937,1280,11,207,1954,2161,2020/04/23 14:00:00+00
21147,55,State,WI,2020/04/24 19:00:00+00,54573,5356,1353,3053,950,2810,2546,,39,114,732,826,892,1016,813,497,307,120,262,108,154,,0,0,2,4,10,22,45,80,58,41,4,7,48,85,139,245,300,287,181,57,29,78,531,580,607,585,391,146,65,41,6,29,153,161,146,186,122,64,61,22,346,0,0,6,19,34,66,100,73,36,12,48,151,1296,2795,293,773,1120,3454,782,3,5,87,160,2,5,16,239,7,857,3109,1390,5,304,3117,3421,2020/04/24 14:00:00+00
22622,55,State,WI,2020/04/25 19:00:00+00,57138,5687,1376,3209,1102,2953,2734,,42,130,801,893,956,1077,841,508,312,127,266,110,156,,0,0,2,4,10,22,46,81,60,41,4,7,49,87,142,250,304,291,183,59,29,85,564,618,639,613,402,147,69,43,9,38,188,188,175,214,135,70,60,25,353,0,0,6,19,34,69,100,75,37,13,53,170,1366,3001,373,724,1247,3656,784,3,5,90,162,2,4,16,242,8,885,3233,1569,4,331,2565,2896,2020/04/25 14:00:00+00
24097,55,State,WI,2020/04/26 19:00:00+00,59235,5911,1397,3308,1206,3072,2839,,50,139,847,928,998,1114,859,523,320,133,272,112,160,,0,0,2,4,9,23,46,83,63,42,4,7,50,88,145,252,305,299,186,61,32,89,582,637,656,631,411,153,71,46,14,43,215,203,197,231,143,71,63,26,353,0,0,6,19,34,69,100,75,37,13,56,174,1414,3083,403,781,1338,3734,839,3,5,94,165,1,4,16,248,8,895,3277,1739,6,224,2097,2321,2020/04/26 14:00:00+00
25572,55,State,WI,2020/04/27 19:00:00+00,61311,6081,1415,3458,1208,3160,2921,,53,148,875,958,1042,1135,877,534,324,135,281,116,165,,0,0,2,4,9,24,47,87,66,42,5,7,53,90,146,255,307,300,190,62,35,99,615,661,690,655,427,157,73,46,13,42,207,207,206,225,143,77,61,27,355,0,0,6,19,34,71,101,74,37,13,57,185,1438,3154,444,803,1417,3805,859,3,5,95,171,2,5,17,255,9,909,3385,1787,9,170,2076,2246,2020/04/27 14:00:00+00
27047,55,State,WI,2020/04/28 19:00:00+00,63535,6289,1456,3618,1215,3252,3037,,57,159,905,1010,1079,1164,898,547,333,137,300,120,180,,0,0,2,4,9,26,48,93,73,45,5,9,57,94,151,258,315,307,196,64,37,110,646,695,722,679,443,163,75,48,15,40,202,221,206,227,140,77,62,25,363,0,0,7,19,35,73,103,75,37,14,60,197,1486,3316,459,771,1509,3944,836,4,5,99,182,3,7,17,271,12,931,3536,1822,19,208,2224,2432,2020/04/28 14:00:00+00
28522,55,State,WI,2020/04/29 19:00:00+00,66630,6520,1489,3755,1276,3346,3174,,60,166,934,1051,1128,1202,935,556,345,143,308,124,184,,0,0,3,4,9,26,48,96,77,45,5,9,58,94,155,263,327,313,199,66,38,112,678,726,753,703,456,164,77,48,17,45,198,231,220,236,152,79,69,29,373,0,1,7,19,36,75,105,78,38,14,61,205,1517,3449,470,818,1602,4047,871,4,5,101,187,3,8,17,277,14,955,3685,1880,8,231,3095,3326,2020/04/29 14:00:00+00
29997,55,State,WI,2020/04/30 19:00:00+00,69394,6854,1512,3954,1388,3514,3340,,63,182,994,1119,1197,1257,977,569,349,147,316,124,192,,0,0,3,4,9,26,49,100,77,48,5,9,60,95,158,268,335,314,201,67,39,121,704,767,794,743,484,171,81,50,19,52,230,257,245,246,158,84,67,30,382,0,1,8,19,37,75,108,81,39,14,67,221,1607,3613,513,833,1725,4272,857,4,5,102,191,3,11,17,281,18,981,3841,2032,8,334,2764,3098,2020/04/30 14:00:00+00
31472,55,State,WI,2020/05/01 19:00:00+00,72566,7314,1544,4215,1555,3699,3615,,73,208,1084,1199,1277,1320,1010,596,379,168,327,127,200,,0,0,3,4,9,30,52,101,80,48,6,11,60,98,161,274,338,316,209,71,41,136,756,819,846,790,503,178,89,57,26,61,268,282,270,256,169,102,81,40,391,0,1,8,19,37,77,110,82,42,15,69,238,1667,3866,601,873,1878,4539,897,4,5,104,201,2,11,20,286,21,1026,4056,2232,11,460,3172,3632,2020/05/01 14:00:00+00
32947,55,State,WI,2020/05/02 19:00:00+00,75570,7660,1591,4438,1631,3861,3799,,82,228,1145,1261,1337,1387,1049,609,389,173,334,133,201,,0,0,3,4,10,30,51,101,82,53,7,12,65,103,168,282,350,317,213,74,51,153,805,853,884,827,528,186,93,58,24,63,275,305,285,278,171,106,83,41,400,0,1,9,19,40,77,113,83,43,15,73,259,1718,4039,692,879,2024,4702,934,4,6,105,208,2,9,21,296,17,1051,4255,2354,7,346,3004,3350,2020/05/02 14:00:00+00
34422,55,State,WI,2020/05/03 19:00:00+00,77997,7964,1608,4582,1774,3997,3967,,86,245,1211,1308,1390,1441,1079,629,397,178,339,135,204,,0,0,3,4,10,30,52,101,82,57,7,12,65,105,170,284,355,321,215,74,51,162,841,876,909,857,539,193,94,60,28,71,305,327,311,300,185,115,88,44,402,0,1,9,19,41,77,113,84,43,15,76,271,1754,4155,739,969,2114,4814,1036,4,6,106,212,2,9,22,299,18,1075,4351,2538,5,304,2427,2731,2020/05/03 14:00:00+00
35897,55,State,WI,2020/05/04 19:00:00+00,80467,8236,1621,4736,1879,4133,4103,,89,267,1263,1355,1443,1486,1108,637,403,185,340,136,204,,0,0,3,4,10,30,53,101,82,57,7,13,67,107,172,285,358,321,215,76,53,175,873,903,941,876,551,200,100,64,29,79,323,345,330,325,199,116,88,45,404,0,1,10,19,41,77,114,84,43,15,82,279,1786,4285,769,1035,2209,4926,1101,4,6,107,212,2,9,22,301,17,1085,4453,2698,1,272,2470,2742,2020/05/04 14:00:00+00
37372,55,State,WI,2020/05/05 19:00:00+00,83967,8566,1663,4974,1929,4304,4249,13,104,303,1322,1423,1488,1538,1136,656,412,184,353,144,209,0,0,0,4,4,11,32,55,103,85,59,7,15,71,110,178,286,369,330,220,77,68,202,910,955,983,914,565,211,105,61,29,86,341,358,327,338,202,115,87,46,414,0,1,11,20,43,78,116,85,45,15,88,294,1855,4557,833,939,2391,5129,1046,4,6,108,227,3,5,30,314,9,1123,4683,2760,13,330,3500,3830,2020/05/05 14:00:00+00
38847,55,State,WI,2020/05/06 19:00:00+00,87826,8901,1694,5207,2000,4476,4407,18,115,325,1390,1492,1533,1591,1181,667,419,188,362,149,213,0,0,0,4,4,11,32,56,106,87,62,7,15,71,114,182,293,375,334,225,78,76,218,960,1010,1014,957,590,217,104,61,32,92,359,368,337,341,216,116,90,49,423,0,1,11,20,46,80,119,85,46,15,90,319,1903,4751,867,971,2539,5311,1051,4,6,109,235,3,5,30,323,9,1149,4932,2820,9,335,3859,4194,2020/05/06 14:00:00+00
40322,55,State,WI,2020/05/07 19:00:00+00,93035,9215,1732,5447,2036,4612,4588,15,118,344,1452,1562,1595,1627,1214,685,424,194,374,156,218,0,0,0,4,5,11,33,57,110,91,63,7,15,74,117,191,300,386,338,225,79,81,240,1012,1073,1062,988,608,217,105,61,30,89,366,372,342,339,220,130,94,54,435,0,1,12,20,48,81,125,87,46,15,100,335,1956,5009,931,884,2699,5589,927,4,6,112,244,3,5,32,335,7,1181,5187,2847,12,314,5209,5523,2020/05/07 14:00:00+00
41797,55,State,WI,2020/05/08 19:00:00+00,97265,9590,1767,5652,2171,4805,4767,18,124,375,1509,1625,1662,1677,1259,712,440,207,384,162,222,0,0,0,4,5,11,33,58,111,96,66,7,15,77,119,194,305,398,344,227,81,83,257,1058,1109,1104,1020,630,223,107,61,34,103,374,397,364,352,231,145,106,65,441,0,1,13,20,50,82,125,89,46,15,111,349,2031,5190,988,921,2832,5774,984,4,6,115,251,3,5,32,346,6,1210,5422,2958,10,375,4230,4605,2020/05/08 14:00:00+00
43272,55,State,WI,2020/05/09 16:49:00+00,101935,9939,1806,5878,2255,4984,4928,27,136,403,1603,1692,1714,1718,1290,724,446,213,398,169,229,0,0,0,4,5,11,33,61,117,96,71,7,15,80,122,201,310,408,352,228,83,84,279,1113,1147,1148,1054,646,228,112,67,45,109,410,423,365,354,236,144,106,63,452,0,1,14,21,52,86,126,91,46,15,114,357,2076,5377,1020,995,2980,5924,1035,5,6,116,265,2,4,32,360,6,1237,5635,3067,14,349,4670,5019,2020/05/09 14:00:00+00
44747,55,State,WI,2020/05/10 15:52:00+00,105163,10219,1820,5976,2423,5135,5061,23,145,434,1662,1747,1761,1751,1321,732,452,214,400,169,231,0,0,0,4,5,11,34,61,117,97,71,7,15,80,123,206,310,410,356,230,83,88,293,1132,1160,1168,1068,658,230,112,67,50,126,450,464,387,373,253,146,110,64,456,0,1,14,21,54,86,126,92,46,16,119,365,2111,5504,1059,1061,3070,6014,1135,5,6,117,266,2,4,32,362,6,1251,5717,3251,2,280,3228,3508,2020/05/10 14:00:00+00
46222,55,State,WI,2020/05/11 17:28:00+00,108033,10418,1846,6080,2492,5244,5146,28,150,450,1698,1789,1796,1776,1334,745,461,219,409,174,235,0,0,0,4,5,11,34,61,119,100,75,7,16,82,127,208,316,413,360,234,83,91,299,1156,1186,1187,1074,663,235,115,74,52,135,460,476,401,386,258,150,112,62,460,0,1,15,22,54,86,127,93,46,16,121,374,2160,5637,1077,1049,3141,6151,1126,5,6,117,275,2,4,32,369,8,1269,5813,3336,9,199,2870,3069,2020/05/11 14:00:00+00
47697,55,State,WI,2020/05/12 12:56:00+00,112748,10611,1877,6221,2513,5342,5244,25,158,469,1726,1827,1830,1796,1353,755,471,226,418,176,242,0,0,0,4,5,11,33,64,122,101,78,7,16,83,127,215,321,420,367,237,84,102,318,1178,1226,1203,1087,673,237,121,76,49,135,465,474,412,388,260,151,113,66,464,0,1,15,22,55,86,129,94,46,16,122,381,2218,5728,1104,1058,3236,6261,1114,5,7,119,281,2,4,32,378,8,1291,5989,3331,9,193,4715,4908,2020/05/12 14:00:00+00
49172,55,State,WI,2020/05/13 12:51:58+00,117111,10902,1908,6400,2594,5495,5387,20,170,493,1761,1886,1880,1854,1380,764,486,228,421,178,243,0,0,0,4,5,11,35,64,123,101,78,7,18,82,130,219,328,430,369,241,84,111,336,1218,1272,1226,1105,686,242,126,78,52,139,461,484,435,421,264,153,119,66,469,0,1,15,23,55,87,132,94,46,16,128,396,2258,5869,1130,1121,3357,6400,1145,5,8,120,280,2,6,31,382,8,1333,6204,3365,3,291,4363,4654,2020/05/13 14:00:00+00
50647,55,State,WI,2020/05/14 12:55:13+00,122598,11275,1939,6627,2709,5691,5561,23,187,523,1844,1960,1931,1901,1420,780,495,234,434,185,249,0,0,0,4,5,11,36,68,125,103,82,9,18,84,131,223,334,435,377,244,84,117,355,1271,1316,1256,1135,716,248,131,82,61,150,489,513,452,432,269,155,120,68,478,0,1,15,23,56,91,134,96,46,16,128,420,2316,6076,1168,1167,3489,6620,1166,5,9,123,289,2,6,31,394,9,1359,6475,3441,13,373,5487,5860,2020/05/14 14:00:00+00
52122,55,State,WI,2020/05/15 13:43:44+00,128657,11685,1977,6854,2854,5892,5771,22,208,567,1929,2033,2007,1952,1438,796,514,241,445,189,256,0,0,0,4,5,11,37,70,126,109,83,9,18,88,132,229,340,442,379,254,86,130,380,1314,1366,1289,1165,728,256,139,87,69,169,527,535,489,447,268,161,121,68,485,0,1,15,23,57,90,137,97,48,17,133,430,2381,6281,1236,1224,3624,6801,1260,5,9,129,293,3,6,33,403,9,1391,6698,3596,11,410,6059,6469,2020/05/15 14:00:00+00
53597,55,State,WI,2020/05/16 12:52:52+00,134206,12187,2018,7107,3062,6171,5995,21,219,600,2012,2129,2081,2022,1491,832,537,264,453,191,262,0,0,0,4,5,11,39,72,128,109,85,9,18,89,134,233,348,450,391,259,87,137,399,1366,1418,1333,1192,745,270,150,97,73,183,557,577,515,482,296,171,128,80,488,0,1,15,23,58,90,137,98,49,17,141,452,2479,6531,1286,1298,3766,7072,1349,5,9,131,299,3,6,34,411,8,1426,6948,3813,8,502,5549,6051,2020/05/16 14:00:00+00
55072,55,State,WI,2020/05/17 12:55:36+00,139674,12543,2038,7232,3273,6360,6163,20,225,626,2093,2201,2150,2055,1521,850,553,269,453,191,262,0,0,0,4,5,11,39,72,128,109,85,9,19,89,135,237,354,451,394,262,88,140,404,1394,1447,1357,1211,755,276,151,97,76,203,610,619,556,490,315,180,140,84,494,0,1,16,23,58,92,137,99,50,18,147,458,2517,6677,1378,1366,3875,7195,1473,5,9,131,299,3,6,34,411,8,1451,7059,4033,0,356,5468,5824,2020/05/17 14:00:00+00
56547,55,State,WI,2020/05/18 12:52:21+00,144502,12687,2068,7309,3310,6447,6219,21,229,637,2110,2223,2179,2078,1540,860,559,272,459,193,266,0,0,0,4,5,11,39,75,129,111,85,10,20,91,139,241,359,454,398,265,91,144,408,1406,1460,1378,1223,761,279,153,97,75,209,613,624,560,496,325,183,141,84,496,0,1,16,23,59,92,138,99,50,18,146,468,2545,6764,1387,1377,3917,7275,1495,5,10,132,302,3,7,36,415,8,1473,7135,4079,6,144,4828,4972,2020/05/18 14:00:00+00
58022,55,State,WI,2020/05/19 13:00:48+00,148237,12885,2110,7479,3296,6558,6306,21,234,653,2147,2261,2210,2102,1564,872,567,275,467,198,269,0,0,0,4,5,12,40,77,129,114,86,10,21,93,148,249,363,466,402,267,91,151,425,1441,1495,1409,1248,771,283,157,99,73,207,613,618,552,491,327,187,143,85,503,0,1,16,23,60,94,139,101,51,18,148,488,2587,6928,1415,1319,4028,7457,1400,6,11,132,309,3,6,40,420,7,1496,7361,4028,8,198,3735,3933,2020/05/19 14:00:00+00
59497,55,State,WI,2020/05/20 13:01:21+00,154300,13413,2161,7713,3539,6820,6569,24,257,695,2250,2366,2288,2176,1617,903,578,283,481,203,278,0,0,0,4,5,13,44,81,133,115,86,10,22,96,154,252,369,475,414,275,94,156,448,1489,1534,1443,1290,804,293,156,100,91,225,665,678,593,517,338,196,147,89,515,0,2,17,24,61,94,142,103,53,19,151,504,2684,7136,1497,1441,4193,7688,1532,6,12,136,316,4,7,42,431,8,1532,7607,4274,14,528,6063,6591,2020/05/20 14:00:00+00
60972,55,State,WI,2020/05/21 11:49:18+00,163238,13885,2218,7965,3702,7056,6805,24,277,741,2335,2462,2360,2247,1649,921,603,290,487,206,281,0,0,0,4,5,13,44,80,135,116,90,11,24,105,159,255,383,484,420,280,97,169,478,1527,1574,1485,1331,820,308,170,103,97,239,703,729,620,533,345,193,153,90,526,0,2,18,26,62,96,146,104,53,19,162,523,2743,7389,1584,1484,4413,7898,1574,6,12,136,324,2,7,40,440,7,1570,7921,4394,6,472,8938,9410,2020/05/21 14:00:00+00
62447,55,State,WI,2020/05/22 12:25:40+00,172703,14396,2259,8198,3939,7314,7054,28,293,790,2435,2565,2446,2315,1694,942,617,299,496,211,285,0,0,0,4,5,13,44,80,135,121,94,12,25,108,161,260,391,491,427,281,103,178,505,1570,1625,1526,1360,843,317,174,100,103,260,757,779,660,564,360,198,162,96,535,1,2,18,26,63,98,148,104,54,21,164,541,2860,7675,1687,1469,4617,8209,1570,7,12,137,331,2,7,40,449,7,1619,8197,4580,9,511,9465,9976,2020/05/22 14:00:00+00
63922,55,State,WI,2020/05/23 13:03:35+00,179329,14877,2292,8473,4112,7545,7300,32,314,830,2532,2661,2532,2390,1733,953,629,303,507,216,291,0,0,0,4,7,14,44,83,137,124,94,13,26,108,166,265,395,497,430,287,105,195,525,1631,1667,1578,1392,867,328,184,106,106,279,793,828,689,603,369,195,158,92,542,1,2,18,27,63,99,152,105,54,21,169,560,2949,7888,1806,1505,4846,8433,1598,8,13,139,337,2,8,44,456,7,1652,8472,4753,11,481,6626,7107,2020/05/23 14:00:00+00
65397,55,State,WI,2020/05/24 12:24:23+00,186206,15277,2315,8606,4356,7732,7499,46,341,862,2635,2739,2600,2443,1755,964,635,303,510,217,293,0,0,0,4,7,14,44,83,137,126,95,14,27,112,172,268,399,499,432,287,105,202,532,1674,1686,1600,1407,881,332,186,106,125,303,849,881,732,637,375,200,162,92,541,1,2,18,27,63,99,152,104,54,21,173,577,3024,8043,1875,1585,5001,8605,1671,8,13,139,339,2,9,45,457,8,1671,8596,5010,3,400,6877,7277,2020/05/24 14:00:00+00
66872,55,State,WI,2020/05/25 12:24:55+00,193379,15584,2339,8683,4562,7878,7657,49,349,897,2689,2799,2652,2487,1778,982,643,308,514,220,294,0,0,0,4,7,15,44,83,137,128,96,14,29,112,172,270,405,503,437,292,105,207,534,1697,1707,1613,1413,888,333,185,106,128,334,880,920,769,669,387,212,166,97,543,1,2,18,27,63,100,152,105,54,21,177,586,3073,8159,1946,1643,5111,8732,1741,8,13,139,342,2,10,46,459,9,1686,8670,5228,4,307,7173,7480,2020/05/25 14:00:00+00
68347,55,State,WI,2020/05/26 12:26:05+00,200874,15863,2362,8755,4746,8013,7800,50,362,919,2745,2860,2689,2527,1808,997,647,309,517,221,296,0,0,0,4,7,15,44,84,137,130,96,14,30,112,173,275,409,509,440,295,105,210,542,1709,1722,1623,1425,895,338,185,106,138,347,924,965,791,693,404,219,167,98,544,1,2,18,27,64,100,152,105,54,21,178,598,3117,8279,2026,1665,5220,8860,1783,8,13,139,345,2,10,46,462,9,1698,8753,5412,3,279,7495,7774,2020/05/26 14:00:00+00
69822,55,State,WI,2020/05/27 12:42:51+00,210605,16462,2411,9035,5016,8350,8064,48,398,1002,2866,2956,2772,2603,1857,1023,662,323,539,231,308,0,0,0,5,7,16,46,86,141,138,100,14,33,114,174,280,424,520,446,298,108,224,570,1761,1775,1660,1471,923,345,197,109,160,399,991,1007,832,708,414,232,167,106,550,1,3,18,28,64,102,152,107,54,21,186,618,3234,8576,2092,1756,5470,9154,1838,9,14,141,361,2,12,47,480,12,1731,9019,5712,22,599,9731,10330,2020/05/27 14:00:00+00
71297,55,State,WI,2020/05/28 12:29:15+00,220719,16974,2452,9366,5156,8623,8306,45,412,1053,2962,3056,2842,2660,1913,1049,692,335,550,238,312,0,0,0,5,8,16,47,88,142,140,104,13,33,117,176,284,428,530,457,301,113,235,603,1826,1842,1708,1525,952,352,211,112,164,417,1019,1038,850,707,431,240,180,110,556,1,3,19,29,64,103,154,108,54,21,191,633,3293,8864,2146,1847,5649,9362,1963,9,15,142,369,2,13,49,486,15,1782,9376,5816,11,512,10114,10626,2020/05/28 14:00:00+00
72772,55,State,WI,2020/05/29 13:34:17+00,233588,17707,2499,9665,5543,8990,8670,47,445,1137,3093,3224,2966,2746,1973,1079,699,345,568,248,320,0,0,0,6,8,16,49,91,146,144,108,14,33,121,178,292,436,539,462,308,116,244,634,1893,1911,1748,1568,980,365,209,113,187,470,1079,1135,926,742,454,252,182,116,567,1,3,20,29,68,103,156,110,55,22,197,657,3417,9185,2248,2003,5923,9662,2122,9,15,148,376,4,16,51,497,20,1821,9684,6202,18,733,12869,13602,2020/05/29 14:00:00+00
74247,55,State,WI,2020/05/30 13:11:56+00,242908,18230,2563,9961,5706,9223,8952,55,463,1190,3180,3336,3060,2822,2013,1102,710,354,588,262,326,0,0,0,6,8,16,49,93,153,146,117,15,34,125,187,299,447,550,473,313,120,254,668,1957,1976,1791,1600,998,378,220,119,194,488,1098,1173,970,775,465,251,177,115,577,1,3,20,29,70,106,159,111,56,22,204,680,3509,9491,2309,2037,6113,9931,2186,9,16,148,394,7,14,55,513,20,1859,10002,6369,20,523,9320,9843,2020/05/30 14:00:00+00
75722,55,State,WI,2020/05/31 13:46:31+00,250103,18403,2583,10088,5732,9327,9019,57,472,1211,3201,3369,3085,2846,2033,1112,717,357,592,265,327,0,0,0,6,8,16,49,93,155,147,118,14,34,127,189,299,451,557,475,315,122,264,684,1987,2003,1804,1616,1007,380,223,120,194,493,1087,1177,982,779,469,257,179,115,585,1,3,21,29,71,106,162,112,57,23,204,681,3534,9565,2321,2098,6164,9999,2240,9,16,148,398,7,14,55,517,20,1871,10120,6412,4,173,7195,7368,2020/05/31 14:00:00+00
78671,55,State,WI,2020/06/01 13:23:10+00,253595,18543,2603,10177,5763,9400,9086,57,485,1217,3232,3394,3108,2859,2046,1118,722,362,595,267,328,0,0,0,6,8,16,50,93,155,148,119,14,34,128,191,302,455,559,479,318,123,268,693,2005,2016,1824,1628,1015,386,222,120,203,490,1099,1187,982,776,472,253,182,119,586,1,3,21,29,72,106,162,112,57,23,207,686,3556,9638,2332,2124,6218,10060,2265,9,16,148,400,8,14,56,519,20,1877,10202,6464,3,140,3492,3632,2020/06/01 14:00:00+00
80146,55,State,WI,2020/06/02 12:52:15+00,263743,18917,2643,10482,5792,9594,9258,65,497,1259,3317,3473,3168,2906,2077,1130,727,363,607,271,336,0,0,0,6,8,17,50,95,157,153,121,15,34,128,195,312,458,569,485,323,124,282,734,2064,2077,1876,1669,1035,392,226,127,200,491,1125,1201,980,779,473,253,178,112,593,1,3,20,30,72,108,165,114,57,23,208,697,3639,9826,2409,2138,6381,10272,2264,9,17,152,408,6,15,59,531,17,1915,10465,6537,12,374,10148,10522,2020/06/02 14:00:00+00
81621,55,State,WI,2020/06/03 12:42:03+00,279711,19400,2700,10787,5913,9783,9558,59,514,1282,3433,3580,3261,2969,2114,1144,736,367,616,276,340,0,0,0,6,8,18,50,96,159,157,122,15,34,132,200,318,466,584,496,329,126,299,765,2141,2139,1936,1702,1052,397,231,125,200,483,1160,1241,1007,801,478,251,176,116,606,1,3,20,30,74,109,171,115,60,23,212,706,3726,10114,2535,2107,6535,10531,2334,9,17,153,418,6,13,60,542,14,1953,10773,6674,9,483,15968,16451,2020/06/03 14:00:00+00
83096,55,State,WI,2020/06/04 12:43:10+00,291367,19892,2739,11066,6087,10057,9778,57,548,1333,3548,3665,3343,3026,2148,1162,747,372,626,280,346,0,0,0,6,8,18,51,99,162,157,125,17,35,134,203,324,478,589,501,331,127,313,782,2214,2195,1985,1733,1070,409,235,130,218,516,1200,1267,1034,815,489,252,181,115,616,1,3,20,31,74,111,174,118,60,24,215,735,3819,10312,2607,2204,6712,10761,2419,9,17,154,426,7,13,63,547,16,1988,11044,6860,10,492,11656,12148,2020/06/04 14:00:00+00
84571,55,State,WI,2020/06/05 14:03:29+00,303332,20249,2791,11323,6135,10246,9943,60,572,1380,3633,3732,3388,3059,2179,1174,755,377,633,282,351,0,0,0,6,8,18,51,103,163,159,125,17,36,137,212,326,486,599,510,340,128,325,811,2283,2243,2031,1762,1089,413,234,132,230,533,1213,1277,1031,811,491,251,181,117,625,1,3,20,33,74,112,175,120,62,25,215,755,3882,10511,2644,2242,6821,10952,2476,9,17,154,432,7,14,65,551,17,2016,11309,6924,7,357,11965,12322,2020/06/05 14:00:00+00
86046,55,State,WI,2020/06/06 12:58:32+00,314802,20571,2832,11563,6176,10424,10088,59,589,1419,3726,3785,3423,3092,2203,1191,757,386,645,286,359,0,0,0,6,8,19,52,105,167,163,125,16,37,140,215,337,495,606,518,339,129,338,837,2353,2289,2057,1786,1109,420,239,135,235,545,1233,1281,1029,811,488,253,179,122,636,1,3,20,33,78,115,176,122,63,25,218,770,3947,10685,2664,2287,6906,11172,2493,9,17,161,440,7,11,67,564,14,2045,11569,6957,12,322,11470,11792,2020/06/06 14:00:00+00
87521,55,State,WI,2020/06/07 13:32:22+00,325867,20835,2848,11675,6312,10568,10205,62,610,1449,3795,3823,3454,3123,2226,1200,762,393,647,286,361,0,0,0,6,8,19,53,105,168,163,125,16,40,141,216,338,495,610,522,339,131,344,845,2393,2306,2067,1800,1117,425,241,137,250,564,1261,1301,1049,828,499,253,182,125,638,1,3,20,33,78,115,176,122,63,27,220,783,3976,10820,2700,2336,6981,11309,2545,9,17,161,441,8,11,68,564,15,2057,11662,7116,2,264,11065,11329,2020/06/07 14:00:00+00
88996,55,State,WI,2020/06/08 12:39:19+00,333253,21038,2860,11786,6392,10677,10298,63,618,1471,3847,3856,3493,3150,2239,1203,767,394,646,286,360,0,0,0,6,8,19,53,104,168,163,125,16,40,141,220,339,499,611,522,340,132,348,859,2425,2325,2083,1812,1127,430,240,137,254,572,1281,1311,1071,839,501,251,187,125,637,1,3,20,33,78,115,176,121,63,27,219,796,4020,10914,2743,2346,7041,11429,2568,9,17,161,440,8,11,67,564,15,2067,11745,7226,-1,203,7386,7589,2020/06/08 14:00:00+00
90471,55,State,WI,2020/06/09 12:54:36+00,347210,21308,2904,12071,6333,10806,10437,65,627,1495,3923,3883,3531,3186,2262,1223,779,399,661,295,366,0,0,0,6,8,20,53,108,173,166,127,18,40,147,223,344,505,619,529,346,133,358,888,2508,2370,2126,1852,1143,444,243,139,251,567,1268,1290,1061,829,500,250,190,127,649,2,3,20,34,79,118,177,125,63,28,220,811,4061,11099,2765,2352,7108,11637,2563,9,17,164,451,8,12,69,575,17,2087,12021,7200,15,270,13957,14227,2020/06/09 14:00:00+00
91946,55,State,WI,2020/06/10 12:57:50+00,357112,21593,2943,12316,6334,10951,10580,62,643,1539,4008,3930,3559,3217,2274,1227,793,403,671,301,370,0,0,0,6,8,21,54,112,175,168,127,18,40,149,225,351,510,625,533,353,139,373,916,2575,2415,2156,1879,1162,451,251,138,252,583,1284,1290,1052,828,487,243,189,126,654,2,3,20,34,80,118,180,127,62,28,223,823,4101,11260,2799,2387,7179,11808,2606,9,18,166,458,8,12,70,585,16,2115,12242,7236,10,285,9902,10187,2020/06/10 14:00:00+00
93421,55,State,WI,2020/06/11 12:45:02+00,366054,21926,2976,12566,6384,11138,10727,61,652,1567,4124,3986,3599,3252,2293,1241,805,407,682,308,374,0,0,0,6,8,22,55,115,178,169,129,18,44,151,227,353,515,630,540,359,139,384,951,2655,2455,2187,1909,1176,459,252,138,250,572,1318,1304,1059,828,487,242,194,130,660,1,2,21,34,82,119,181,129,63,28,226,841,4139,11478,2833,2409,7272,12026,2628,9,19,169,467,8,10,73,597,12,2131,12441,7354,11,333,8942,9275,2020/06/11 14:00:00+00
94896,55,State,WI,2020/06/12 12:46:09+00,377362,22246,3003,12832,6411,11313,10872,61,672,1598,4196,4045,3645,3294,2322,1250,814,410,689,312,377,0,0,0,6,8,22,55,115,182,169,132,19,44,153,227,357,518,634,544,364,143,397,985,2721,2497,2230,1941,1195,465,257,144,256,569,1322,1321,1058,835,493,241,193,123,670,1,3,21,34,83,120,184,132,64,28,228,868,4186,11734,2827,2403,7379,12252,2615,9,19,169,474,7,11,75,603,11,2173,12683,7390,7,320,11308,11628,2020/06/12 14:00:00+00
96371,55,State,WI,2020/06/13 12:45:14+00,388399,22518,3035,13057,6426,11465,10992,61,681,1622,4284,4095,3682,3318,2345,1256,822,413,691,313,378,0,0,0,6,8,22,56,115,183,169,132,20,45,154,231,361,525,639,545,371,144,405,1008,2791,2540,2255,1974,1208,469,259,148,256,569,1339,1324,1066,819,498,242,192,121,677,2,3,21,34,83,121,187,134,64,28,229,883,4225,11913,2833,2435,7470,12436,2612,9,19,169,475,7,12,76,604,11,2193,12872,7453,2,272,11037,11309,2020/06/13 14:00:00+00
97846,55,State,WI,2020/06/14 12:10:26+00,397366,22758,3049,13173,6536,11596,11101,61,696,1647,4353,4145,3715,3342,2357,1264,823,416,692,314,378,0,0,0,6,8,22,56,115,184,169,132,20,46,155,233,362,526,642,547,373,145,412,1024,2828,2560,2268,1990,1213,472,259,147,264,577,1370,1352,1085,826,502,245,191,124,680,2,3,21,35,83,121,187,136,64,28,231,893,4252,12029,2880,2473,7530,12561,2667,9,19,169,476,7,12,76,605,11,2209,12978,7571,1,240,8967,9207,2020/06/14 14:00:00+00
99321,55,State,WI,2020/06/15 12:37:44+00,403447,22932,3061,13262,6609,11693,11178,61,703,1657,4403,4168,3735,3370,2386,1268,826,416,694,314,380,0,0,0,6,8,22,56,116,185,169,132,20,46,156,235,363,527,646,550,373,145,417,1033,2855,2572,2283,1998,1224,473,260,147,266,578,1392,1361,1089,845,516,245,193,124,680,2,3,21,35,83,121,187,136,64,28,232,902,4270,12128,2912,2488,7581,12658,2693,9,20,169,476,7,13,77,605,12,2224,13055,7653,2,174,6081,6255,2020/06/15 14:00:00+00
100796,55,State,WI,2020/06/16 12:17:47+00,414330,23198,3096,13478,6624,11837,11301,60,713,1684,4480,4216,3761,3408,2407,1278,832,419,703,320,383,0,0,0,6,8,22,57,117,188,170,135,20,46,160,239,370,528,656,550,379,148,429,1058,2912,2610,2310,2033,1234,481,263,148,264,580,1408,1367,1081,847,517,247,190,123,687,2,3,22,35,83,124,189,136,66,27,233,915,4304,12316,2920,2510,7638,12865,2695,9,20,170,484,7,13,78,613,12,2242,13267,7689,9,266,10883,11149,2020/06/16 14:00:00+00
102271,55,State,WI,2020/06/17 12:09:15+00,423736,23454,3128,13642,6684,11965,11428,61,723,1713,4550,4264,3793,3447,2425,1282,835,422,712,324,388,0,0,0,6,8,22,57,119,188,173,139,21,46,162,243,373,534,661,556,383,149,436,1074,2956,2653,2331,2055,1247,481,262,147,266,593,1432,1368,1089,858,517,245,190,126,696,2,3,22,36,83,125,195,137,66,27,236,931,4341,12544,2884,2518,7708,13030,2716,9,20,173,489,7,14,77,621,14,2272,13434,7748,9,256,9406,9662,2020/06/17 14:00:00+00
103746,55,State,WI,2020/06/18 15:01:22+00,433913,23876,3160,13870,6846,12179,11631,66,749,1759,4675,4338,3850,3500,2445,1292,841,427,719,327,392,0,0,0,7,8,22,58,119,190,175,140,23,46,164,249,377,536,670,557,386,152,452,1095,3030,2680,2367,2098,1253,485,264,146,274,618,1481,1409,1106,866,522,250,191,129,701,2,3,23,36,83,125,198,137,67,27,240,949,4385,12768,2939,2595,7819,13268,2789,10,20,175,494,7,13,80,626,13,2305,13665,7906,7,422,10177,10599,2020/06/18 14:00:00+00
105221,55,State,WI,2020/06/19 13:14:27+00,444751,24154,3177,14059,6918,12314,11774,66,758,1786,4780,4378,3880,3533,2459,1305,844,431,730,333,397,0,0,0,7,8,22,58,121,193,180,141,22,46,167,253,375,539,675,562,388,150,458,1116,3095,2714,2383,2120,1265,493,265,150,278,624,1518,1411,1122,874,519,250,191,131,704,2,3,23,36,83,125,199,138,68,27,241,958,4424,12937,2969,2625,7896,13441,2817,10,20,176,503,7,14,81,636,13,2326,13863,7965,11,278,10838,11116,2020/06/19 14:00:00+00
106696,55,State,WI,2020/06/20 12:19:24+00,454563,24539,3203,14314,7022,12495,11976,68,772,1824,4907,4443,3929,3577,2480,1320,850,437,744,341,403,0,0,0,7,8,22,58,125,196,184,144,23,47,168,256,379,544,679,564,393,150,469,1136,3185,2754,2420,2147,1286,502,265,150,280,641,1554,1433,1130,886,515,254,192,137,708,2,3,23,36,83,127,201,138,68,27,242,974,4458,13192,2999,2674,8003,13688,2848,10,22,179,512,8,13,81,648,15,2366,14071,8102,14,385,9812,10197,2020/06/20 14:00:00+00
108171,55,State,WI,2020/06/21 12:16:11+00,460334,24819,3220,14421,7178,12642,12109,68,791,1850,4984,4488,3969,3619,2498,1328,855,437,744,341,403,0,0,0,7,8,22,58,125,196,184,144,23,47,169,257,384,549,682,565,394,150,473,1148,3219,2772,2430,2162,1292,506,268,151,295,655,1596,1459,1155,908,524,257,193,136,710,2,3,24,36,83,127,202,138,68,27,242,984,4493,13340,3054,2706,8064,13850,2905,10,22,179,512,8,13,81,648,15,2376,14184,8259,0,280,5771,6051,2020/06/21 14:00:00+00
109646,55,State,WI,2020/06/22 12:12:58+00,466634,25068,3231,14535,7302,12776,12220,72,810,1871,5069,4526,3999,3641,2507,1340,860,445,745,341,404,0,0,0,7,8,22,58,125,197,184,144,23,47,169,257,385,550,684,571,395,150,480,1157,3259,2793,2447,2175,1295,509,268,152,307,667,1641,1476,1167,916,528,260,197,143,711,2,3,24,36,83,127,202,138,69,27,243,984,4536,13482,3094,2729,8121,14007,2940,10,22,179,513,8,13,81,649,15,2387,14275,8406,1,249,6300,6549,2020/06/22 14:00:00+00
111121,55,State,WI,2020/06/23 12:23:34+00,478165,25331,3268,14829,7234,12908,12351,72,815,1889,5165,4564,4038,3680,2520,1346,867,447,750,342,408,0,0,0,7,8,22,58,125,200,185,145,24,47,171,262,390,555,687,579,400,153,499,1180,3351,2841,2481,2217,1316,515,271,158,292,662,1643,1461,1167,908,517,252,196,136,716,2,3,25,36,83,128,202,141,69,27,246,989,4564,13701,3124,2707,8181,14225,2925,10,22,179,520,8,11,83,652,15,2423,14512,8396,5,263,11531,11794,2020/06/23 14:00:00+00
112596,55,State,WI,2020/06/24 12:27:07+00,487803,25763,3299,15093,7371,13147,12543,73,831,1930,5333,4634,4093,3721,2543,1356,873,449,757,347,410,0,0,0,8,8,22,58,125,200,188,148,24,47,174,267,396,558,690,585,404,154,516,1206,3460,2875,2513,2238,1328,517,277,163,291,677,1699,1492,1184,925,525,254,192,132,723,2,3,25,36,85,129,202,144,69,28,249,1002,4626,13968,3166,2752,8275,14527,2961,10,22,180,524,9,12,84,659,14,2453,14772,8538,7,432,9638,10070,2020/06/24 14:00:00+00
114071,55,State,WI,2020/06/25 12:31:42+00,498561,26227,3326,15362,7539,13397,12759,71,853,1977,5510,4698,4156,3757,2564,1376,885,451,766,351,415,0,0,0,8,8,23,58,127,200,191,151,25,50,180,268,400,559,692,589,409,154,528,1239,3555,2916,2547,2266,1340,526,281,164,300,688,1775,1514,1209,932,532,261,195,133,734,2,3,25,36,89,129,202,146,74,28,252,1021,4676,14355,3160,2763,8386,14869,2972,10,22,182,531,9,12,85,666,15,2500,15035,8692,9,464,10758,11222,2020/06/25 14:00:00+00
115546,55,State,WI,2020/06/26 15:49:44+00,507168,26747,3351,15681,7715,13652,13018,77,875,2015,5740,4750,4218,3823,2594,1388,892,452,766,351,415,0,0,0,8,8,23,58,127,200,190,152,25,51,186,271,404,562,696,592,410,154,542,1263,3694,2953,2580,2310,1358,534,283,164,308,701,1860,1526,1234,951,540,262,199,134,741,2,3,26,37,91,130,204,146,74,28,257,1035,4744,14685,3214,2812,8483,15231,3033,10,22,182,531,9,12,85,666,15,2530,15342,8875,0,520,8607,9127,2020/06/26 14:00:00+00
117021,55,State,WI,2020/06/27 13:04:00+00,515723,27286,3382,16002,7902,13942,13272,72,900,2058,5950,4839,4287,3871,2623,1401,902,455,777,358,419,0,0,0,8,8,23,59,133,200,193,153,26,51,190,274,409,566,701,595,415,155,560,1290,3827,3003,2624,2338,1369,539,286,166,314,717,1933,1562,1254,967,553,267,201,134,746,2,3,26,37,91,131,206,147,75,28,266,1050,4807,15051,3262,2850,8609,15608,3069,10,23,183,538,11,12,90,672,15,2580,15668,9038,11,539,8555,9094,2020/06/27 14:00:00+00
118496,55,State,WI,2020/06/28 15:03:42+00,521747,27743,3393,16188,8162,14190,13479,74,922,2104,6136,4903,4344,3919,2639,1411,907,458,777,358,419,0,0,0,8,8,23,59,133,200,193,153,26,51,193,275,410,567,702,598,416,155,572,1311,3897,3032,2647,2359,1380,538,286,166,324,742,2046,1596,1287,993,557,275,205,137,746,2,3,26,37,91,131,206,147,75,28,266,1059,4866,15303,3332,2917,8679,15881,3183,10,23,183,538,11,12,90,672,15,2609,15814,9320,0,457,6024,6481,2020/06/28 14:00:00+00
119971,55,State,WI,2020/06/29 12:51:16+00,527359,28058,3407,16331,8320,14352,13632,74,933,2138,6254,4948,4376,3962,2659,1416,912,460,777,358,419,0,0,0,8,8,23,59,133,200,193,153,26,51,196,278,413,570,702,600,416,155,577,1334,3944,3053,2659,2381,1390,539,287,167,330,753,2114,1617,1304,1011,567,277,209,138,747,2,3,26,37,91,132,206,147,75,28,270,1068,4934,15487,3354,2945,8731,16102,3225,10,23,183,538,11,12,90,672,15,2625,15931,9502,0,315,5612,5927,2020/06/29 14:00:00+00
121446,55,State,WI,2020/06/30 13:08:45+00,539539,28659,3446,16722,8491,14652,13934,73,950,2195,6505,5031,4438,4021,2701,1432,924,462,784,363,421,0,0,0,8,8,23,59,133,204,193,156,27,51,203,283,416,574,709,607,419,157,599,1367,4098,3117,2709,2415,1413,544,292,168,324,777,2204,1631,1313,1032,579,281,213,137,750,2,3,26,37,91,132,206,149,76,28,280,1088,5022,15910,3398,2961,8843,16585,3231,10,23,184,544,12,11,90,680,14,2673,16342,9644,7,601,12180,12781,2020/06/30 14:00:00+00
122921,55,State,WI,2020/07/01 12:53:17+00,551607,29199,3482,17076,8641,14944,14183,72,968,2244,6685,5126,4512,4083,2738,1449,929,465,786,364,422,0,0,0,8,8,23,59,133,206,193,156,27,52,205,289,418,581,718,609,421,162,616,1397,4223,3172,2762,2457,1432,553,297,167,325,795,2257,1665,1332,1045,588,287,211,136,757,2,3,26,37,91,134,208,151,76,29,284,1109,5085,16281,3414,3026,8921,16976,3302,10,24,185,545,11,11,90,683,13,2713,16700,9786,2,540,12068,12608,2020/07/01 14:00:00+00
124396,55,State,WI,2020/07/02 12:47:38+00,563946,29738,3519,17394,8825,15260,14402,76,990,2310,6871,5200,4587,4140,2770,1466,937,467,793,368,425,0,0,0,8,8,24,60,133,206,197,157,29,52,207,295,423,589,723,612,425,164,627,1436,4329,3215,2806,2507,1454,556,296,168,334,822,2335,1690,1358,1044,593,298,216,135,763,2,3,26,37,91,134,210,153,77,30,285,1121,5174,16648,3446,3064,9016,17375,3347,10,23,188,551,10,11,91,689,13,2763,16989,9986,7,539,12339,12878,2020/07/02 14:00:00+00
125871,55,State,WI,2020/07/03 12:44:26+00,573553,30317,3555,17745,9017,15555,14688,74,1010,2364,7091,5284,4648,4209,2808,1489,947,467,796,370,426,0,0,0,8,8,24,60,134,206,199,157,29,52,211,300,425,593,728,622,429,166,638,1470,4468,3265,2850,2538,1476,569,302,169,343,842,2412,1719,1373,1078,604,298,216,132,768,2,3,26,37,91,136,211,155,77,30,288,1139,5244,17067,3488,3091,9121,17796,3400,10,23,188,554,10,11,91,692,13,2816,17340,10161,3,579,9607,10186,2020/07/03 14:00:00+00
127346,55,State,WI,2020/07/04 13:23:43+00,579637,31055,3574,18050,9431,15924,15057,74,1030,2433,7367,5431,4728,4292,2848,1504,954,468,796,370,426,0,0,0,8,8,24,60,134,206,199,157,27,52,214,301,427,596,729,629,432,167,646,1506,4588,3316,2882,2568,1492,577,306,169,357,875,2565,1814,1419,1128,627,298,216,132,771,2,3,26,37,91,137,213,155,77,30,294,1148,5335,17528,3571,3179,9265,18252,3538,10,23,188,554,10,11,91,692,13,2855,17655,10545,0,738,6084,6822,2020/07/04 14:00:00+00
128821,55,State,WI,2020/07/05 12:17:07+00,584111,31577,3586,18292,9699,16178,15324,75,1040,2497,7552,5522,4791,4355,2874,1517,960,469,796,370,426,0,0,0,8,8,24,60,134,206,199,157,28,52,216,305,428,596,732,629,433,167,653,1530,4658,3360,2912,2610,1503,589,308,169,359,915,2678,1857,1451,1149,639,299,219,133,771,2,3,26,37,91,137,213,155,77,30,297,1164,5412,17867,3631,3206,9355,18595,3627,10,23,188,554,10,11,91,692,13,2887,17878,10812,0,522,4474,4996,2020/07/05 14:00:00+00
130296,55,State,WI,2020/07/06 12:27:41+00,588913,32061,3602,18478,9981,16416,15570,75,1056,2542,7728,5606,4847,4413,2900,1530,967,472,796,370,426,0,0,0,8,8,24,60,134,206,199,157,30,52,218,306,432,596,734,631,435,168,657,1546,4724,3395,2938,2631,1515,593,310,169,369,944,2786,1905,1477,1186,651,306,222,135,772,2,3,26,38,91,137,213,155,77,30,298,1176,5487,18185,3673,3242,9427,18931,3703,10,23,188,554,10,11,91,692,13,2905,18083,11073,0,484,4802,5286,2020/07/06 14:00:00+00
131771,55,State,WI,2020/07/07 12:28:37+00,601012,32556,3639,18898,10019,16673,15808,75,1085,2575,7873,5687,4909,4484,2939,1553,978,473,805,377,428,0,0,1,8,8,25,60,136,208,200,159,31,53,221,312,436,601,737,641,438,169,676,1581,4881,3461,2992,2678,1543,602,314,170,378,941,2771,1914,1481,1205,659,310,226,134,777,2,3,27,38,91,137,213,158,78,30,300,1192,5560,18577,3686,3241,9511,19333,3712,10,23,192,558,10,12,93,698,14,2957,18561,11038,9,495,12099,12594,2020/07/07 14:00:00+00
133246,55,State,WI,2020/07/08 12:35:51+00,611150,33154,3683,19304,10167,16994,16082,78,1113,2628,8046,5804,4979,4560,2987,1569,992,476,807,378,429,0,0,0,8,8,25,60,136,208,200,162,31,52,224,314,441,612,747,647,446,169,696,1620,5005,3536,3055,2723,1571,608,318,172,386,956,2817,1954,1483,1225,669,314,228,135,784,2,3,27,38,91,139,214,160,80,30,310,1205,5634,18986,3713,3306,9619,19721,3814,10,23,192,560,10,12,93,700,14,3017,18962,11175,2,598,10138,10736,2020/07/08 14:00:00+00
134721,55,State,WI,2020/07/09 14:19:09+00,623554,33908,3726,19756,10426,17386,16442,80,1134,2711,8287,5941,5083,4649,3026,1597,1001,479,809,379,430,0,0,0,8,8,25,60,136,210,200,162,32,54,225,320,446,618,756,657,448,170,715,1662,5152,3622,3109,2789,1591,620,324,172,387,995,2910,1999,1528,1242,679,320,229,137,787,2,3,27,38,91,139,215,162,80,30,317,1225,5730,19513,3747,3376,9744,20259,3905,10,23,192,562,11,11,94,702,13,3071,19446,11391,2,754,12404,13158,2020/07/09 14:00:00+00
136196,55,State,WI,2020/07/10 12:58:22+00,635411,34753,3766,20215,10772,17826,16848,79,1176,2796,8571,6104,5171,4748,3070,1624,1012,481,814,380,434,0,0,0,8,8,25,60,140,210,201,162,32,56,234,321,448,623,763,664,455,170,735,1712,5300,3716,3162,2847,1617,626,327,173,409,1028,3037,2067,1561,1278,690,334,230,138,792,3,3,27,38,92,139,217,162,81,30,325,1249,5845,20129,3772,3433,9913,20853,3987,10,23,192,566,11,12,96,706,12,3134,19932,11687,5,845,11857,12702,2020/07/10 14:00:00+00
